Rank,Gene,Mean_Absolute_SHAP
1,ENSG00000219928,1.4941882
2,ENSG00000092054,0.91510314
3,ENSG00000167615,0.61870074
4,ENSG00000281383,0.47496405
5,ENSG00000277741,0.45355675
6,ENSG00000111245,0.42217022
7,ENSG00000154263,0.32521266
8,ENSG00000072778,0.30642885
9,ENSG00000075826,0.2659718
10,ENSG00000086232,0.24387541
11,ENSG00000259384,0.2356995
12,ENSG00000169627,0.21555705
13,ENSG00000272789,0.18183501
14,ENSG00000143520,0.18077804
15,ENSG00000256028,0.14346746
16,ENSG00000163902,0.12999442
17,ENSG00000279473,0.120611496
18,ENSG00000120509,0.11013873
19,ENSG00000235734,0.10110793
20,ENSG00000134057,0.09924013
21,ENSG00000099953,0.097683094
22,ENSG00000042062,0.08935138
23,ENSG00000277998,0.07903642
24,ENSG00000170373,0.07187895
25,ENSG00000188612,0.054380983
26,ENSG00000175206,0.05054066
27,ENSG00000171792,0.0483005
28,ENSG00000147576,0.046695992
29,ENSG00000122304,0.044441424
30,ENSG00000236058,0.044073723
31,ENSG00000127922,0.040326554
32,ENSG00000224126,0.039247625
33,ENSG00000126067,0.03193015
34,ENSG00000138430,0.03142844
35,ENSG00000149451,0.031000895
36,ENSG00000277791,0.02945196
37,ENSG00000114686,0.028905597
38,ENSG00000068489,0.02672131
39,ENSG00000179218,0.026060326
40,ENSG00000169188,0.025968323
41,ENSG00000205155,0.025917249
42,ENSG00000131153,0.025016857
43,ENSG00000145020,0.024387311
44,ENSG00000206228,0.023677023
45,ENSG00000140398,0.021196123
46,ENSG00000058804,0.021103786
47,ENSG00000164611,0.020878669
48,ENSG00000261461,0.01936142
49,ENSG00000204253,0.019051516
50,ENSG00000109061,0.018821457
51,ENSG00000217624,0.017918885
52,ENSG00000166803,0.017683834
53,ENSG00000164109,0.017131772
54,ENSG00000129467,0.016812883
55,ENSG00000164283,0.016747838
56,ENSG00000229237,0.016541477
57,ENSG00000106399,0.0163248
58,ENSG00000267523,0.016220834
59,ENSG00000272491,0.01514371
60,ENSG00000114346,0.014876078
61,ENSG00000008311,0.014721778
62,ENSG00000117862,0.014202778
63,ENSG00000167513,0.013736167
64,ENSG00000163041,0.013696068
65,ENSG00000105011,0.013497454
66,ENSG00000239672,0.012426253
67,ENSG00000267385,0.012131402
68,ENSG00000258727,0.011808832
69,ENSG00000234498,0.011664043
70,ENSG00000102901,0.011292989
71,ENSG00000282558,0.010915718
72,ENSG00000175832,0.010865985
73,ENSG00000160882,0.010847051
74,ENSG00000143536,0.010057567
75,ENSG00000258424,0.009649885
76,ENSG00000198932,0.00942139
77,ENSG00000276168,0.009366079
78,ENSG00000111196,0.009015212
79,ENSG00000183426,0.008734812
80,ENSG00000070756,0.008672027
81,ENSG00000141338,0.008642185
82,ENSG00000136731,0.008615851
83,ENSG00000153902,0.008362319
84,ENSG00000125835,0.00812173
85,ENSG00000175063,0.0074447053
86,ENSG00000105699,0.0070091584
87,ENSG00000225573,0.0066346386
88,ENSG00000175309,0.006379672
89,ENSG00000172179,0.006265291
90,ENSG00000109805,0.006197968
91,ENSG00000249264,0.006080491
92,ENSG00000177485,0.006001093
93,ENSG00000029559,0.0059594274
94,ENSG00000117399,0.0056987344
95,ENSG00000111247,0.005542844
96,ENSG00000226232,0.0052905884
97,ENSG00000273184,0.005243603
98,ENSG00000104889,0.0052427496
99,ENSG00000214199,0.0049874256
100,ENSG00000136982,0.004844817
101,ENSG00000165795,0.0047346503
102,ENSG00000131747,0.004633469
103,ENSG00000234743,0.0046256715
104,ENSG00000111077,0.0045575085
105,ENSG00000227097,0.0044355164
106,ENSG00000261114,0.0040195845
107,ENSG00000281026,0.0035247435
108,ENSG00000100290,0.0035047214
109,ENSG00000225313,0.0035015931
110,ENSG00000214391,0.0034197
111,ENSG00000172867,0.0033667444
112,ENSG00000064205,0.0031356416
113,ENSG00000126249,0.002960695
114,ENSG00000095970,0.0029252698
115,ENSG00000273045,0.002739094
116,ENSG00000213228,0.0026988692
117,ENSG00000280143,0.0026189955
118,ENSG00000205364,0.0025969094
119,ENSG00000274012,0.0025732075
120,ENSG00000111057,0.002554192
121,ENSG00000243480,0.002500664
122,ENSG00000177363,0.0024480473
123,ENSG00000216866,0.0024019545
124,ENSG00000226564,0.0023219085
125,ENSG00000268222,0.002310595
126,ENSG00000050393,0.0021274288
127,ENSG00000109881,0.0020856783
128,ENSG00000213326,0.0020451685
129,ENSG00000168275,0.0020154885
130,ENSG00000104859,0.0020111955
131,ENSG00000233967,0.0019669097
132,ENSG00000162461,0.0019455865
133,ENSG00000231878,0.0019306878
134,ENSG00000175130,0.0019024679
135,ENSG00000196976,0.0017881404
136,ENSG00000273786,0.0017387898
137,ENSG00000187608,0.0017193911
138,ENSG00000049249,0.0016475171
139,ENSG00000233627,0.0016408373
140,ENSG00000253683,0.0016390784
141,ENSG00000278662,0.0013214909
142,ENSG00000215093,0.00121213
143,ENSG00000273432,0.0009988156
144,ENSG00000213432,0.0009837889
145,ENSG00000117394,0.00091748097
146,ENSG00000112309,0.0008979317
147,ENSG00000167768,0.0008781773
148,ENSG00000224208,0.00087695697
149,ENSG00000236060,0.0007611261
150,ENSG00000154262,0.0007431791
151,ENSG00000185873,0.0007052026
152,ENSG00000165072,0.0006675096
153,ENSG00000144649,0.0005574262
154,ENSG00000177943,0.0004199789
155,ENSG00000168078,0.0
156,ENSG00000167553,0.0
157,ENSG00000213108,0.0
158,ENSG00000213398,0.0
159,ENSG00000163531,0.0
160,ENSG00000274051,0.0
161,ENSG00000259644,0.0
162,ENSG00000251920,0.0
163,ENSG00000130714,0.0
164,ENSG00000267653,0.0
165,ENSG00000198590,0.0
166,ENSG00000274536,0.0
167,ENSG00000167434,0.0
168,ENSG00000182983,0.0
169,ENSG00000280198,0.0
170,ENSG00000223839,0.0
171,ENSG00000225929,0.0
172,ENSG00000232037,0.0
173,ENSG00000267361,0.0
174,ENSG00000256210,0.0
175,ENSG00000179546,0.0
176,ENSG00000167978,0.0
177,ENSG00000273000,0.0
178,ENSG00000170417,0.0
179,ENSG00000164934,0.0
180,ENSG00000178115,0.0
181,ENSG00000221995,0.0
182,ENSG00000250148,0.0
183,ENSG00000158769,0.0
184,ENSG00000240291,0.0
185,ENSG00000172399,0.0
186,ENSG00000126787,0.0
187,ENSG00000155660,0.0
188,ENSG00000214787,0.0
189,ENSG00000273372,0.0
190,ENSG00000167302,0.0
191,ENSG00000241404,0.0
192,ENSG00000161800,0.0
193,ENSG00000034971,0.0
194,ENSG00000213235,0.0
195,ENSG00000167676,0.0
196,ENSG00000112742,0.0
197,ENSG00000235028,0.0
198,ENSG00000260105,0.0
199,ENSG00000067840,0.0
200,ENSG00000163661,0.0
201,ENSG00000259408,0.0
202,ENSG00000257511,0.0
203,ENSG00000130307,0.0
204,ENSG00000271895,0.0
205,ENSG00000213280,0.0
206,ENSG00000167641,0.0
207,ENSG00000122756,0.0
208,ENSG00000261408,0.0
209,ENSG00000255031,0.0
210,ENSG00000185271,0.0
211,ENSG00000224239,0.0
212,ENSG00000267834,0.0
213,ENSG00000254986,0.0
214,ENSG00000231064,0.0
215,ENSG00000180921,0.0
216,ENSG00000158477,0.0
217,ENSG00000279447,0.0
218,ENSG00000188234,0.0
219,ENSG00000174403,0.0
220,ENSG00000268350,0.0
221,ENSG00000213519,0.0
222,ENSG00000226237,0.0
223,ENSG00000151006,0.0
224,ENSG00000144596,0.0
225,ENSG00000270093,0.0
226,ENSG00000185189,0.0
227,ENSG00000158887,0.0
228,ENSG00000138755,0.0
229,ENSG00000116652,0.0
230,ENSG00000188981,0.0
231,ENSG00000143127,0.0
232,ENSG00000146232,0.0
233,ENSG00000265690,0.0
234,ENSG00000240247,0.0
235,ENSG00000230869,0.0
236,ENSG00000183092,0.0
237,ENSG00000271417,0.0
238,ENSG00000227999,0.0
239,ENSG00000237988,0.0
240,ENSG00000251026,0.0
241,ENSG00000213073,0.0
242,ENSG00000152580,0.0
243,ENSG00000280399,0.0
244,ENSG00000182004,0.0
245,ENSG00000170323,0.0
246,ENSG00000239839,0.0
247,ENSG00000004777,0.0
248,ENSG00000241218,0.0
249,ENSG00000180229,0.0
250,ENSG00000213077,0.0
251,ENSG00000140092,0.0
252,ENSG00000077616,0.0
253,ENSG00000261490,0.0
254,ENSG00000223959,0.0
255,ENSG00000278949,0.0
256,ENSG00000189350,0.0
257,ENSG00000272914,0.0
258,ENSG00000241741,0.0
259,ENSG00000264548,0.0
260,ENSG00000280211,0.0
261,ENSG00000132702,0.0
262,ENSG00000096696,0.0
263,ENSG00000154839,0.0
264,ENSG00000175535,0.0
265,ENSG00000018625,0.0
266,ENSG00000153291,0.0
267,ENSG00000237886,0.0
268,ENSG00000121152,0.0
269,ENSG00000267546,0.0
270,ENSG00000276248,0.0
271,ENSG00000280214,0.0
272,ENSG00000136492,0.0
273,ENSG00000256508,0.0
274,ENSG00000271795,0.0
275,ENSG00000249931,0.0
276,ENSG00000242735,0.0
277,ENSG00000101751,0.0
278,ENSG00000178055,0.0
279,ENSG00000024526,0.0
280,ENSG00000213856,0.0
281,ENSG00000224812,0.0
282,ENSG00000197083,0.0
283,ENSG00000227507,0.0
284,ENSG00000245149,0.0
285,ENSG00000268047,0.0
286,ENSG00000234264,0.0
287,ENSG00000236090,0.0
288,ENSG00000051341,0.0
289,ENSG00000078549,0.0
290,ENSG00000133195,0.0
291,ENSG00000206053,0.0
292,ENSG00000188725,0.0
293,ENSG00000115163,0.0
294,ENSG00000149554,0.0
295,ENSG00000276488,0.0
296,ENSG00000281969,0.0
297,ENSG00000076344,0.0
298,ENSG00000271327,0.0
299,ENSG00000181800,0.0
300,ENSG00000165609,0.0
301,ENSG00000276772,0.0
302,ENSG00000233885,0.0
303,ENSG00000095564,0.0
304,ENSG00000226781,0.0
305,ENSG00000267439,0.0
306,ENSG00000103168,0.0
307,ENSG00000171817,0.0
308,ENSG00000269202,0.0
309,ENSG00000143493,0.0
310,ENSG00000176716,0.0
311,ENSG00000259275,0.0
312,ENSG00000226516,0.0
313,ENSG00000143632,0.0
314,ENSG00000279696,0.0
315,ENSG00000162813,0.0
316,ENSG00000269194,0.0
317,ENSG00000150625,0.0
318,ENSG00000214021,0.0
319,ENSG00000106268,0.0
320,ENSG00000241489,0.0
321,ENSG00000215041,0.0
322,ENSG00000094804,0.0
323,ENSG00000244953,0.0
324,ENSG00000157796,0.0
325,ENSG00000178809,0.0
326,ENSG00000179698,0.0
327,ENSG00000281974,0.0
328,ENSG00000225828,0.0
329,ENSG00000119888,0.0
330,ENSG00000230910,0.0
331,ENSG00000279196,0.0
332,ENSG00000120049,0.0
333,ENSG00000243679,0.0
334,ENSG00000242086,0.0
335,ENSG00000117724,0.0
336,ENSG00000149418,0.0
337,ENSG00000205853,0.0
338,ENSG00000224713,0.0
339,ENSG00000172935,0.0
340,ENSG00000241728,0.0
341,ENSG00000173801,0.0
342,ENSG00000179958,0.0
343,ENSG00000104879,0.0
344,ENSG00000272505,0.0
345,ENSG00000181856,0.0
346,ENSG00000231991,0.0
347,ENSG00000236809,0.0
348,ENSG00000167549,0.0
349,ENSG00000280157,0.0
350,ENSG00000139343,0.0
351,ENSG00000214973,0.0
352,ENSG00000079462,0.0
353,ENSG00000179915,0.0
354,ENSG00000227525,0.0
355,ENSG00000168026,0.0
356,ENSG00000183155,0.0
357,ENSG00000277778,0.0
358,ENSG00000162377,0.0
359,ENSG00000271997,0.0
360,ENSG00000273729,0.0
361,ENSG00000061794,0.0
362,ENSG00000213236,0.0
363,ENSG00000277135,0.0
364,ENSG00000248174,0.0
365,ENSG00000267774,0.0
366,ENSG00000267532,0.0
367,ENSG00000271880,0.0
368,ENSG00000099812,0.0
369,ENSG00000280077,0.0
370,ENSG00000088325,0.0
371,ENSG00000159455,0.0
372,ENSG00000260751,0.0
373,ENSG00000079277,0.0
374,ENSG00000179101,0.0
375,ENSG00000261879,0.0
376,ENSG00000065600,0.0
377,ENSG00000272328,0.0
378,ENSG00000164400,0.0
379,ENSG00000176438,0.0
380,ENSG00000250859,0.0
381,ENSG00000187800,0.0
382,ENSG00000233237,0.0
383,ENSG00000166819,0.0
384,ENSG00000178338,0.0
385,ENSG00000130528,0.0
386,ENSG00000226871,0.0
387,ENSG00000101811,0.0
388,ENSG00000184661,0.0
389,ENSG00000213886,0.0
390,ENSG00000168970,0.0
391,ENSG00000134201,0.0
392,ENSG00000163660,0.0
393,ENSG00000279118,0.0
394,ENSG00000267896,0.0
395,ENSG00000165810,0.0
396,ENSG00000144230,0.0
397,ENSG00000280323,0.0
398,ENSG00000277701,0.0
399,ENSG00000185513,0.0
400,ENSG00000204403,0.0
401,ENSG00000272916,0.0
402,ENSG00000139636,0.0
403,ENSG00000173641,0.0
404,ENSG00000213338,0.0
405,ENSG00000249258,0.0
406,ENSG00000186567,0.0
407,ENSG00000197046,0.0
408,ENSG00000109133,0.0
409,ENSG00000279392,0.0
410,ENSG00000224167,0.0
411,ENSG00000170049,0.0
412,ENSG00000165995,0.0
413,ENSG00000107736,0.0
414,ENSG00000197816,0.0
415,ENSG00000261616,0.0
416,ENSG00000239665,0.0
417,ENSG00000243368,0.0
418,ENSG00000261739,0.0
419,ENSG00000154265,0.0
420,ENSG00000159259,0.0
421,ENSG00000172824,0.0
422,ENSG00000256713,0.0
423,ENSG00000165490,0.0
424,ENSG00000271009,0.0
425,ENSG00000131584,0.0
426,ENSG00000080986,0.0
427,ENSG00000205746,0.0
428,ENSG00000162344,0.0
429,ENSG00000136842,0.0
430,ENSG00000186439,0.0
431,ENSG00000164485,0.0
432,ENSG00000126953,0.0
433,ENSG00000245156,0.0
434,ENSG00000223705,0.0
435,ENSG00000268439,0.0
436,ENSG00000243063,0.0
437,ENSG00000242372,0.0
438,ENSG00000267724,0.0
439,ENSG00000168496,0.0
440,ENSG00000229246,0.0
441,ENSG00000232814,0.0
442,ENSG00000213131,0.0
443,ENSG00000271075,0.0
444,ENSG00000141378,0.0
445,ENSG00000240771,0.0
446,ENSG00000266993,0.0
447,ENSG00000259357,0.0
448,ENSG00000152056,0.0
449,ENSG00000248568,0.0
450,ENSG00000241014,0.0
451,ENSG00000242337,0.0
452,ENSG00000118245,0.0
453,ENSG00000183889,0.0
454,ENSG00000267206,0.0
455,ENSG00000102100,0.0
456,ENSG00000179051,0.0
457,ENSG00000267543,0.0
458,ENSG00000240219,0.0
459,ENSG00000166405,0.0
460,ENSG00000258441,0.0
461,ENSG00000224660,0.0
462,ENSG00000125414,0.0
463,ENSG00000257379,0.0
464,ENSG00000278224,0.0
465,ENSG00000266980,0.0
466,ENSG00000270189,0.0
467,ENSG00000246090,0.0
468,ENSG00000259972,0.0
469,ENSG00000161888,0.0
470,ENSG00000220785,0.0
471,ENSG00000181227,0.0
472,ENSG00000172037,0.0
473,ENSG00000239213,0.0
474,ENSG00000158863,0.0
475,ENSG00000261556,0.0
476,ENSG00000230149,0.0
477,ENSG00000280407,0.0
478,ENSG00000268942,0.0
479,ENSG00000259500,0.0
480,ENSG00000174407,0.0
481,ENSG00000232630,0.0
482,ENSG00000223401,0.0
483,ENSG00000100307,0.0
484,ENSG00000139734,0.0
485,ENSG00000186166,0.0
486,ENSG00000166851,0.0
487,ENSG00000269068,0.0
488,ENSG00000182109,0.0
489,ENSG00000270231,0.0
490,ENSG00000146469,0.0
491,ENSG00000265511,0.0
492,ENSG00000279246,0.0
493,ENSG00000187479,0.0
494,ENSG00000248334,0.0
495,ENSG00000259407,0.0
496,ENSG00000198854,0.0
497,ENSG00000254461,0.0
498,ENSG00000172650,0.0
499,ENSG00000196263,0.0
500,ENSG00000143028,0.0
501,ENSG00000215252,0.0
502,ENSG00000074935,0.0
503,ENSG00000264290,0.0
504,ENSG00000233110,0.0
505,ENSG00000230224,0.0
506,ENSG00000239388,0.0
507,ENSG00000254995,0.0
508,ENSG00000218582,0.0
509,ENSG00000235111,0.0
510,ENSG00000159899,0.0
511,ENSG00000224975,0.0
512,ENSG00000251323,0.0
513,ENSG00000243107,0.0
514,ENSG00000107147,0.0
515,ENSG00000090975,0.0
516,ENSG00000214456,0.0
517,ENSG00000214279,0.0
518,ENSG00000099365,0.0
519,ENSG00000277435,0.0
520,ENSG00000105339,0.0
521,ENSG00000230716,0.0
522,ENSG00000184786,0.0
523,ENSG00000075218,0.0
524,ENSG00000100479,0.0
525,ENSG00000213186,0.0
526,ENSG00000070388,0.0
527,ENSG00000109674,0.0
528,ENSG00000261584,0.0
529,ENSG00000234290,0.0
530,ENSG00000267784,0.0
531,ENSG00000261505,0.0
532,ENSG00000279833,0.0
533,ENSG00000215302,0.0
534,ENSG00000179532,0.0
535,ENSG00000143324,0.0
536,ENSG00000225125,0.0
537,ENSG00000249476,0.0
538,ENSG00000204866,0.0
539,ENSG00000240759,0.0
540,ENSG00000172531,0.0
541,ENSG00000245849,0.0
542,ENSG00000274272,0.0
543,ENSG00000177990,0.0
544,ENSG00000166428,0.0
545,ENSG00000237594,0.0
546,ENSG00000175084,0.0
547,ENSG00000196616,0.0
548,ENSG00000280239,0.0
549,ENSG00000266835,0.0
550,ENSG00000278784,0.0
551,ENSG00000203392,0.0
552,ENSG00000228716,0.0
553,ENSG00000162063,0.0
554,ENSG00000188599,0.0
555,ENSG00000035499,0.0
556,ENSG00000165474,0.0
557,ENSG00000214135,0.0
558,ENSG00000277288,0.0
559,ENSG00000274893,0.0
560,ENSG00000154803,0.0
561,ENSG00000197587,0.0
562,ENSG00000178146,0.0
563,ENSG00000242060,0.0
564,ENSG00000247157,0.0
565,ENSG00000168010,0.0
566,ENSG00000166432,0.0
567,ENSG00000196584,0.0
568,ENSG00000189057,0.0
569,ENSG00000247627,0.0
570,ENSG00000077522,0.0
571,ENSG00000235703,0.0
572,ENSG00000171848,0.0
573,ENSG00000260306,0.0
574,ENSG00000087502,0.0
575,ENSG00000236991,0.0
576,ENSG00000121310,0.0
577,ENSG00000197766,0.0
578,ENSG00000272054,0.0
579,ENSG00000105647,0.0
580,ENSG00000233892,0.0
581,ENSG00000173991,0.0
582,ENSG00000265678,0.0
583,ENSG00000251661,0.0
584,ENSG00000172995,0.0
585,ENSG00000279716,0.0
586,ENSG00000139131,0.0
587,ENSG00000180902,0.0
588,ENSG00000235493,0.0
589,ENSG00000223403,0.0
590,ENSG00000183458,0.0
591,ENSG00000102878,0.0
592,ENSG00000163833,0.0
593,ENSG00000273373,0.0
594,ENSG00000173175,0.0
595,ENSG00000184113,0.0
596,ENSG00000123219,0.0
597,ENSG00000226416,0.0
598,ENSG00000249149,0.0
599,ENSG00000162572,0.0
600,ENSG00000270580,0.0
601,ENSG00000167904,0.0
602,ENSG00000156920,0.0
603,ENSG00000128039,0.0
604,ENSG00000167900,0.0
605,ENSG00000109906,0.0
606,ENSG00000013441,0.0
607,ENSG00000172403,0.0
608,ENSG00000269352,0.0
609,ENSG00000164885,0.0
610,ENSG00000235875,0.0
611,ENSG00000273291,0.0
612,ENSG00000279344,0.0
613,ENSG00000262061,0.0
614,ENSG00000262075,0.0
615,ENSG00000229970,0.0
616,ENSG00000279456,0.0
617,ENSG00000124766,0.0
618,ENSG00000267342,0.0
619,ENSG00000273983,0.0
620,ENSG00000261240,0.0
621,ENSG00000143867,0.0
622,ENSG00000161180,0.0
623,ENSG00000197774,0.0
624,ENSG00000142303,0.0
625,ENSG00000214140,0.0
626,ENSG00000175564,0.0
627,ENSG00000168079,0.0
628,ENSG00000161649,0.0
629,ENSG00000227741,0.0
630,ENSG00000142684,0.0
631,ENSG00000273771,0.0
632,ENSG00000227467,0.0
633,ENSG00000251348,0.0
634,ENSG00000172346,0.0
635,ENSG00000066279,0.0
636,ENSG00000124783,0.0
637,ENSG00000278600,0.0
638,ENSG00000147044,0.0
639,ENSG00000267082,0.0
640,ENSG00000010030,0.0
641,ENSG00000020256,0.0
642,ENSG00000220157,0.0
643,ENSG00000223374,0.0
644,ENSG00000280039,0.0
645,ENSG00000162073,0.0
646,ENSG00000196123,0.0
647,ENSG00000260735,0.0
648,ENSG00000226706,0.0
649,ENSG00000244056,0.0
650,ENSG00000234513,0.0
651,ENSG00000158445,0.0
652,ENSG00000215835,0.0
653,ENSG00000279010,0.0
654,ENSG00000213366,0.0
655,ENSG00000168925,0.0
656,ENSG00000169085,0.0
657,ENSG00000275454,0.0
658,ENSG00000241468,0.0
659,ENSG00000138834,0.0
660,ENSG00000203685,0.0
661,ENSG00000090889,0.0
662,ENSG00000011426,0.0
663,ENSG00000223509,0.0
664,ENSG00000151239,0.0
665,ENSG00000276409,0.0
666,ENSG00000217325,0.0
667,ENSG00000104951,0.0
668,ENSG00000269570,0.0
669,ENSG00000280061,0.0
670,ENSG00000272849,0.0
671,ENSG00000266820,0.0
672,ENSG00000254419,0.0
673,ENSG00000091317,0.0
674,ENSG00000214961,0.0
675,ENSG00000229180,0.0
676,ENSG00000197472,0.0
677,ENSG00000115884,0.0
678,ENSG00000254966,0.0
679,ENSG00000146386,0.0
680,ENSG00000244257,0.0
681,ENSG00000229152,0.0
682,ENSG00000261067,0.0
683,ENSG00000247679,0.0
684,ENSG00000224431,0.0
685,ENSG00000126709,0.0
686,ENSG00000241111,0.0
687,ENSG00000164344,0.0
688,ENSG00000137504,0.0
689,ENSG00000236017,0.0
690,ENSG00000224086,0.0
691,ENSG00000266524,0.0
692,ENSG00000261460,0.0
693,ENSG00000272958,0.0
694,ENSG00000248734,0.0
695,ENSG00000270589,0.0
696,ENSG00000237991,0.0
697,ENSG00000259264,0.0
698,ENSG00000183161,0.0
699,ENSG00000067445,0.0
700,ENSG00000276710,0.0
701,ENSG00000228703,0.0
702,ENSG00000235016,0.0
703,ENSG00000243716,0.0
704,ENSG00000232057,0.0
705,ENSG00000279488,0.0
706,ENSG00000147437,0.0
707,ENSG00000225880,0.0
708,ENSG00000282221,0.0
709,ENSG00000234906,0.0
710,ENSG00000182511,0.0
711,ENSG00000185689,0.0
712,ENSG00000235370,0.0
713,ENSG00000113240,0.0
714,ENSG00000196696,0.0
715,ENSG00000235033,0.0
716,ENSG00000205221,0.0
717,ENSG00000158815,0.0
718,ENSG00000267387,0.0
719,ENSG00000180383,0.0
720,ENSG00000148773,0.0
721,ENSG00000117632,0.0
722,ENSG00000182230,0.0
723,ENSG00000124593,0.0
724,ENSG00000214192,0.0
725,ENSG00000277715,0.0
726,ENSG00000167618,0.0
727,ENSG00000274925,0.0
728,ENSG00000234353,0.0
729,ENSG00000263345,0.0
730,ENSG00000206530,0.0
731,ENSG00000203801,0.0
732,ENSG00000158402,0.0
733,ENSG00000268189,0.0
734,ENSG00000239474,0.0
735,ENSG00000111640,0.0
736,ENSG00000278959,0.0
737,ENSG00000234645,0.0
738,ENSG00000236871,0.0
739,ENSG00000228315,0.0
740,ENSG00000128059,0.0
741,ENSG00000119969,0.0
742,ENSG00000260920,0.0
743,ENSG00000271032,0.0
744,ENSG00000229657,0.0
745,ENSG00000262528,0.0
746,ENSG00000103647,0.0
747,ENSG00000215199,0.0
748,ENSG00000105464,0.0
749,ENSG00000118785,0.0
750,ENSG00000258947,0.0
751,ENSG00000116754,0.0
752,ENSG00000222032,0.0
753,ENSG00000261054,0.0
754,ENSG00000259462,0.0
755,ENSG00000184206,0.0
756,ENSG00000235776,0.0
757,ENSG00000180660,0.0
758,ENSG00000272316,0.0
759,ENSG00000147588,0.0
760,ENSG00000248988,0.0
761,ENSG00000123485,0.0
762,ENSG00000273253,0.0
763,ENSG00000101057,0.0
764,ENSG00000230565,0.0
765,ENSG00000145029,0.0
766,ENSG00000072163,0.0
767,ENSG00000106018,0.0
768,ENSG00000259820,0.0
769,ENSG00000253230,0.0
770,ENSG00000234420,0.0
771,ENSG00000168874,0.0
772,ENSG00000279520,0.0
773,ENSG00000159761,0.0
774,ENSG00000226029,0.0
775,ENSG00000004776,0.0
776,ENSG00000278371,0.0
777,ENSG00000266896,0.0
778,ENSG00000123975,0.0
779,ENSG00000239719,0.0
780,ENSG00000068976,0.0
781,ENSG00000274403,0.0
782,ENSG00000250978,0.0
783,ENSG00000142945,0.0
784,ENSG00000280927,0.0
785,ENSG00000225338,0.0
786,ENSG00000280073,0.0
787,ENSG00000229186,0.0
788,ENSG00000262903,0.0
789,ENSG00000269926,0.0
790,ENSG00000135298,0.0
791,ENSG00000070610,0.0
792,ENSG00000261061,0.0
793,ENSG00000131386,0.0
794,ENSG00000205790,0.0
795,ENSG00000179094,0.0
796,ENSG00000187922,0.0
797,ENSG00000268218,0.0
798,ENSG00000196878,0.0
799,ENSG00000281691,0.0
800,ENSG00000130487,0.0
801,ENSG00000077348,0.0
802,ENSG00000236768,0.0
803,ENSG00000258461,0.0
804,ENSG00000104888,0.0
805,ENSG00000276724,0.0
806,ENSG00000273136,0.0
807,ENSG00000182685,0.0
808,ENSG00000204071,0.0
809,ENSG00000279619,0.0
810,ENSG00000259244,0.0
811,ENSG00000171819,0.0
812,ENSG00000108405,0.0
813,ENSG00000182263,0.0
814,ENSG00000246922,0.0
815,ENSG00000168333,0.0
816,ENSG00000238035,0.0
817,ENSG00000163516,0.0
818,ENSG00000213281,0.0
819,ENSG00000137547,0.0
820,ENSG00000124615,0.0
821,ENSG00000225032,0.0
822,ENSG00000112214,0.0
823,ENSG00000186810,0.0
824,ENSG00000261215,0.0
825,ENSG00000162526,0.0
826,ENSG00000266964,0.0
827,ENSG00000254852,0.0
828,ENSG00000076555,0.0
829,ENSG00000203709,0.0
830,ENSG00000281195,0.0
831,ENSG00000137812,0.0
832,ENSG00000113108,0.0
833,ENSG00000145386,0.0
834,ENSG00000132646,0.0
835,ENSG00000276043,0.0
836,ENSG00000071539,0.0
837,ENSG00000152117,0.0
838,ENSG00000234933,0.0
839,ENSG00000145075,0.0
840,ENSG00000240731,0.0
841,ENSG00000269608,0.0
842,ENSG00000231721,0.0
843,ENSG00000135424,0.0
844,ENSG00000062038,0.0
845,ENSG00000168393,0.0
846,ENSG00000169612,0.0
847,ENSG00000265415,0.0
848,ENSG00000120756,0.0
849,ENSG00000129173,0.0
850,ENSG00000164530,0.0
851,ENSG00000226239,0.0
852,ENSG00000226167,0.0
853,ENSG00000138160,0.0
854,ENSG00000267650,0.0
855,ENSG00000280046,0.0
856,ENSG00000236882,0.0
857,ENSG00000168528,0.0
858,ENSG00000253764,0.0
859,ENSG00000244945,0.0
860,ENSG00000278434,0.0
861,ENSG00000259726,0.0
862,ENSG00000237298,0.0
863,ENSG00000232679,0.0
864,ENSG00000279182,0.0
865,ENSG00000115233,0.0
866,ENSG00000122952,0.0
867,ENSG00000278771,0.0
868,ENSG00000146067,0.0
869,ENSG00000111886,0.0
870,ENSG00000174371,0.0
871,ENSG00000255455,0.0
872,ENSG00000248329,0.0
873,ENSG00000260672,0.0
874,ENSG00000154330,0.0
875,ENSG00000106367,0.0
876,ENSG00000121454,0.0
877,ENSG00000143590,0.0
878,ENSG00000227543,0.0
879,ENSG00000011021,0.0
880,ENSG00000279926,0.0
881,ENSG00000279050,0.0
882,ENSG00000235316,0.0
883,ENSG00000279821,0.0
884,ENSG00000170421,0.0
885,ENSG00000251322,0.0
886,ENSG00000260565,0.0
887,ENSG00000229436,0.0
888,ENSG00000223855,0.0
889,ENSG00000188783,0.0
890,ENSG00000181997,0.0
891,ENSG00000260296,0.0
892,ENSG00000189398,0.0
893,ENSG00000229036,0.0
894,ENSG00000138379,0.0
895,ENSG00000134884,0.0
896,ENSG00000188486,0.0
897,ENSG00000161835,0.0
898,ENSG00000196295,0.0
899,ENSG00000235555,0.0
900,ENSG00000162438,0.0
901,ENSG00000213178,0.0
902,ENSG00000125503,0.0
903,ENSG00000167995,0.0
904,ENSG00000271553,0.0
905,ENSG00000154978,0.0
906,ENSG00000111331,0.0
907,ENSG00000109046,0.0
908,ENSG00000111335,0.0
909,ENSG00000239704,0.0
910,ENSG00000155511,0.0
911,ENSG00000274565,0.0
912,ENSG00000281207,0.0
913,ENSG00000250764,0.0
914,ENSG00000117215,0.0
915,ENSG00000165837,0.0
916,ENSG00000258676,0.0
917,ENSG00000091704,0.0
918,ENSG00000271959,0.0
919,ENSG00000185414,0.0
920,ENSG00000239653,0.0
921,ENSG00000234389,0.0
922,ENSG00000260563,0.0
923,ENSG00000158805,0.0
924,ENSG00000120659,0.0
925,ENSG00000165495,0.0
926,ENSG00000247077,0.0
927,ENSG00000143476,0.0
928,ENSG00000180139,0.0
929,ENSG00000240303,0.0
930,ENSG00000261326,0.0
931,ENSG00000273448,0.0
932,ENSG00000244560,0.0
933,ENSG00000232903,0.0
934,ENSG00000167196,0.0
935,ENSG00000280067,0.0
936,ENSG00000247809,0.0
937,ENSG00000185031,0.0
938,ENSG00000272752,0.0
939,ENSG00000166451,0.0
940,ENSG00000260837,0.0
941,ENSG00000246022,0.0
942,ENSG00000225077,0.0
943,ENSG00000146670,0.0
944,ENSG00000187961,0.0
945,ENSG00000151303,0.0
946,ENSG00000229183,0.0
947,ENSG00000180422,0.0
948,ENSG00000130948,0.0
949,ENSG00000163092,0.0
950,ENSG00000261821,0.0
951,ENSG00000272918,0.0
952,ENSG00000229127,0.0
953,ENSG00000162757,0.0
954,ENSG00000244363,0.0
955,ENSG00000226891,0.0
956,ENSG00000242208,0.0
957,ENSG00000110888,0.0
958,ENSG00000180992,0.0
959,ENSG00000277767,0.0
960,ENSG00000280537,0.0
961,ENSG00000015475,0.0
962,ENSG00000270060,0.0
963,ENSG00000261011,0.0
964,ENSG00000181016,0.0
965,ENSG00000182481,0.0
966,ENSG00000157119,0.0
967,ENSG00000170540,0.0
968,ENSG00000189129,0.0
969,ENSG00000272084,0.0
970,ENSG00000215769,0.0
971,ENSG00000101003,0.0
972,ENSG00000099840,0.0
973,ENSG00000272374,0.0
974,ENSG00000276070,0.0
975,ENSG00000271141,0.0
976,ENSG00000275807,0.0
977,ENSG00000244161,0.0
978,ENSG00000256500,0.0
979,ENSG00000165304,0.0
980,ENSG00000236849,0.0
981,ENSG00000280012,0.0
982,ENSG00000205959,0.0
983,ENSG00000255479,0.0
984,ENSG00000090539,0.0
985,ENSG00000156042,0.0
986,ENSG00000184811,0.0
987,ENSG00000260977,0.0
988,ENSG00000183856,0.0
989,ENSG00000154734,0.0
990,ENSG00000228302,0.0
991,ENSG00000111664,0.0
992,ENSG00000259562,0.0
993,ENSG00000230409,0.0
994,ENSG00000230415,0.0
995,ENSG00000111206,0.0
996,ENSG00000203782,0.0
997,ENSG00000244301,0.0
998,ENSG00000187066,0.0
999,ENSG00000118432,0.0
1000,ENSG00000127952,0.0
1001,ENSG00000176890,0.0
1002,ENSG00000279807,0.0
1003,ENSG00000279245,0.0
1004,ENSG00000175567,0.0
1005,ENSG00000261247,0.0
1006,ENSG00000276550,0.0
1007,ENSG00000272887,0.0
1008,ENSG00000248881,0.0
1009,ENSG00000049768,0.0
1010,ENSG00000224557,0.0
1011,ENSG00000277737,0.0
1012,ENSG00000154258,0.0
1013,ENSG00000259683,0.0
1014,ENSG00000072571,0.0
1015,ENSG00000263272,0.0
1016,ENSG00000242294,0.0
1017,ENSG00000149577,0.0
1018,ENSG00000144031,0.0
1019,ENSG00000205018,0.0
1020,ENSG00000135451,0.0
1021,ENSG00000263164,0.0
1022,ENSG00000260618,0.0
1023,ENSG00000080166,0.0
1024,ENSG00000274105,0.0
1025,ENSG00000255423,0.0
1026,ENSG00000145247,0.0
1027,ENSG00000167088,0.0
1028,ENSG00000269486,0.0
1029,ENSG00000168530,0.0
1030,ENSG00000138722,0.0
1031,ENSG00000242282,0.0
1032,ENSG00000250251,0.0
1033,ENSG00000204149,0.0
1034,ENSG00000186994,0.0
1035,ENSG00000175874,0.0
1036,ENSG00000237125,0.0
1037,ENSG00000269028,0.0
1038,ENSG00000135502,0.0
1039,ENSG00000276107,0.0
1040,ENSG00000265298,0.0
1041,ENSG00000137070,0.0
1042,ENSG00000279518,0.0
1043,ENSG00000237161,0.0
1044,ENSG00000270419,0.0
1045,ENSG00000129235,0.0
1046,ENSG00000273188,0.0
1047,ENSG00000005379,0.0
1048,ENSG00000280758,0.0
1049,ENSG00000254560,0.0
1050,ENSG00000278023,0.0
1051,ENSG00000213036,0.0
1052,ENSG00000231628,0.0
1053,ENSG00000108375,0.0
1054,ENSG00000269930,0.0
1055,ENSG00000225591,0.0
1056,ENSG00000235847,0.0
1057,ENSG00000128050,0.0
1058,ENSG00000169418,0.0
1059,ENSG00000197978,0.0
1060,ENSG00000223612,0.0
1061,ENSG00000165244,0.0
1062,ENSG00000250067,0.0
1063,ENSG00000267096,0.0
1064,ENSG00000230373,0.0
1065,ENSG00000163239,0.0
1066,ENSG00000165891,0.0
1067,ENSG00000277152,0.0
1068,ENSG00000277007,0.0
1069,ENSG00000240288,0.0
1070,ENSG00000243708,0.0
1071,ENSG00000259921,0.0
1072,ENSG00000145354,0.0
1073,ENSG00000269956,0.0
1074,ENSG00000275149,0.0
1075,ENSG00000189159,0.0
1076,ENSG00000114491,0.0
1077,ENSG00000100526,0.0
1078,ENSG00000154529,0.0
1079,ENSG00000147614,0.0
1080,ENSG00000242267,0.0
1081,ENSG00000261351,0.0
1082,ENSG00000151725,0.0
1083,ENSG00000197580,0.0
1084,ENSG00000120334,0.0
1085,ENSG00000138356,0.0
1086,ENSG00000213553,0.0
1087,ENSG00000260005,0.0
1088,ENSG00000118729,0.0
1089,ENSG00000223745,0.0
1090,ENSG00000272508,0.0
1091,ENSG00000109771,0.0
1092,ENSG00000213199,0.0
1093,ENSG00000161634,0.0
1094,ENSG00000069702,0.0
1095,ENSG00000250397,0.0
1096,ENSG00000241158,0.0
1097,ENSG00000279278,0.0
1098,ENSG00000255201,0.0
1099,ENSG00000255750,0.0
1100,ENSG00000279649,0.0
1101,ENSG00000173890,0.0
1102,ENSG00000248873,0.0
1103,ENSG00000137745,0.0
1104,ENSG00000270055,0.0
1105,ENSG00000279041,0.0
1106,ENSG00000232931,0.0
1107,ENSG00000108963,0.0
1108,ENSG00000101280,0.0
1109,ENSG00000279274,0.0
1110,ENSG00000051180,0.0
1111,ENSG00000264176,0.0
1112,ENSG00000022267,0.0
1113,ENSG00000276259,0.0
1114,ENSG00000101938,0.0
1115,ENSG00000271699,0.0
1116,ENSG00000150627,0.0
1117,ENSG00000170369,0.0
1118,ENSG00000231249,0.0
1119,ENSG00000279159,0.0
1120,ENSG00000182376,0.0
1121,ENSG00000273137,0.0
1122,ENSG00000255837,0.0
1123,ENSG00000077009,0.0
1124,ENSG00000182333,0.0
1125,ENSG00000231154,0.0
1126,ENSG00000104957,0.0
1127,ENSG00000142731,0.0
1128,ENSG00000279312,0.0
1129,ENSG00000231609,0.0
1130,ENSG00000140400,0.0
1131,ENSG00000259298,0.0
1132,ENSG00000277494,0.0
1133,ENSG00000116771,0.0
1134,ENSG00000187021,0.0
1135,ENSG00000239246,0.0
1136,ENSG00000237669,0.0
1137,ENSG00000089127,0.0
1138,ENSG00000248019,0.0
1139,ENSG00000250334,0.0
1140,ENSG00000112936,0.0
1141,ENSG00000240240,0.0
1142,ENSG00000168928,0.0
1143,ENSG00000122367,0.0
1144,ENSG00000155657,0.0
1145,ENSG00000100146,0.0
1146,ENSG00000120907,0.0
1147,ENSG00000267374,0.0
1148,ENSG00000278875,0.0
1149,ENSG00000196569,0.0
1150,ENSG00000267143,0.0
1151,ENSG00000166091,0.0
1152,ENSG00000171017,0.0
1153,ENSG00000137804,0.0
1154,ENSG00000106631,0.0
1155,ENSG00000120729,0.0
1156,ENSG00000240854,0.0
1157,ENSG00000260729,0.0
1158,ENSG00000143183,0.0
1159,ENSG00000279873,0.0
1160,ENSG00000223947,0.0
1161,ENSG00000237940,0.0
1162,ENSG00000170807,0.0
1163,ENSG00000279569,0.0
1164,ENSG00000247982,0.0
1165,ENSG00000213139,0.0
1166,ENSG00000196565,0.0
1167,ENSG00000105976,0.0
1168,ENSG00000166402,0.0
1169,ENSG00000274602,0.0
1170,ENSG00000280063,0.0
1171,ENSG00000231711,0.0
1172,ENSG00000259515,0.0
1173,ENSG00000228071,0.0
1174,ENSG00000279161,0.0
1175,ENSG00000184682,0.0
1176,ENSG00000168309,0.0
1177,ENSG00000004534,0.0
1178,ENSG00000268069,0.0
1179,ENSG00000133624,0.0
1180,ENSG00000169660,0.0
1181,ENSG00000272720,0.0
1182,ENSG00000183171,0.0
1183,ENSG00000104341,0.0
1184,ENSG00000206344,0.0
1185,ENSG00000183506,0.0
1186,ENSG00000129946,0.0
1187,ENSG00000161265,0.0
1188,ENSG00000214362,0.0
1189,ENSG00000254876,0.0
1190,ENSG00000137941,0.0
1191,ENSG00000184905,0.0
1192,ENSG00000231768,0.0
1193,ENSG00000157456,0.0
1194,ENSG00000198400,0.0
1195,ENSG00000279940,0.0
1196,ENSG00000154832,0.0
1197,ENSG00000188549,0.0
1198,ENSG00000187824,0.0
1199,ENSG00000206047,0.0
1200,ENSG00000237212,0.0
1201,ENSG00000244055,0.0
1202,ENSG00000272734,0.0
1203,ENSG00000116030,0.0
1204,ENSG00000198826,0.0
1205,ENSG00000156802,0.0
1206,ENSG00000225194,0.0
1207,ENSG00000243592,0.0
1208,ENSG00000231875,0.0
1209,ENSG00000147434,0.0
1210,ENSG00000170312,0.0
1211,ENSG00000169248,0.0
1212,ENSG00000270460,0.0
1213,ENSG00000235373,0.0
1214,ENSG00000261663,0.0
1215,ENSG00000103550,0.0
1216,ENSG00000141682,0.0
1217,ENSG00000011052,0.0
1218,ENSG00000197616,0.0
1219,ENSG00000134690,0.0
1220,ENSG00000241431,0.0
1221,ENSG00000129195,0.0
1222,ENSG00000051596,0.0
1223,ENSG00000250490,0.0
1224,ENSG00000234617,0.0
1225,ENSG00000181649,0.0
1226,ENSG00000275152,0.0
1227,ENSG00000240045,0.0
1228,ENSG00000278206,0.0
1229,ENSG00000279019,0.0
1230,ENSG00000272836,0.0
1231,ENSG00000239975,0.0
1232,ENSG00000117593,0.0
1233,ENSG00000171320,0.0
1234,ENSG00000245532,0.0
1235,ENSG00000224137,0.0
1236,ENSG00000160961,0.0
1237,ENSG00000250959,0.0
1238,ENSG00000249193,0.0
1239,ENSG00000279894,0.0
1240,ENSG00000249669,0.0
1241,ENSG00000136108,0.0
1242,ENSG00000108799,0.0
1243,ENSG00000124217,0.0
1244,ENSG00000175967,0.0
1245,ENSG00000244538,0.0
1246,ENSG00000113368,0.0
1247,ENSG00000250966,0.0
1248,ENSG00000189134,0.0
1249,ENSG00000124440,0.0
1250,ENSG00000257681,0.0
1251,ENSG00000189292,0.0
1252,ENSG00000164251,0.0
1253,ENSG00000261366,0.0
1254,ENSG00000198624,0.0
1255,ENSG00000169607,0.0
1256,ENSG00000272983,0.0
1257,ENSG00000110455,0.0
1258,ENSG00000171492,0.0
1259,ENSG00000092853,0.0
1260,ENSG00000198626,0.0
1261,ENSG00000251034,0.0
1262,ENSG00000224958,0.0
1263,ENSG00000004799,0.0
1264,ENSG00000262370,0.0
1265,ENSG00000213260,0.0
1266,ENSG00000167280,0.0
1267,ENSG00000235563,0.0
1268,ENSG00000091536,0.0
1269,ENSG00000197599,0.0
1270,ENSG00000272573,0.0
1271,ENSG00000184441,0.0
1272,ENSG00000167600,0.0
1273,ENSG00000277561,0.0
1274,ENSG00000003756,0.0
1275,ENSG00000273148,0.0
1276,ENSG00000205678,0.0
1277,ENSG00000254206,0.0
1278,ENSG00000271382,0.0
1279,ENSG00000275131,0.0
1280,ENSG00000228242,0.0
1281,ENSG00000279088,0.0
1282,ENSG00000181092,0.0
1283,ENSG00000167281,0.0
1284,ENSG00000114841,0.0
1285,ENSG00000172172,0.0
1286,ENSG00000153044,0.0
1287,ENSG00000276337,0.0
1288,ENSG00000260051,0.0
1289,ENSG00000213790,0.0
1290,ENSG00000184205,0.0
1291,ENSG00000197813,0.0
1292,ENSG00000281189,0.0
1293,ENSG00000166343,0.0
1294,ENSG00000182796,0.0
1295,ENSG00000110492,0.0
1296,ENSG00000223561,0.0
1297,ENSG00000226327,0.0
1298,ENSG00000280259,0.0
1299,ENSG00000183395,0.0
1300,ENSG00000197558,0.0
1301,ENSG00000152779,0.0
1302,ENSG00000170074,0.0
1303,ENSG00000205940,0.0
1304,ENSG00000224712,0.0
1305,ENSG00000234176,0.0
1306,ENSG00000225398,0.0
1307,ENSG00000279108,0.0
1308,ENSG00000280339,0.0
1309,ENSG00000163815,0.0
1310,ENSG00000128262,0.0
1311,ENSG00000185485,0.0
1312,ENSG00000159433,0.0
1313,ENSG00000270392,0.0
1314,ENSG00000230734,0.0
1315,ENSG00000263033,0.0
1316,ENSG00000206127,0.0
1317,ENSG00000237649,0.0
1318,ENSG00000242686,0.0
1319,ENSG00000253476,0.0
1320,ENSG00000165480,0.0
1321,ENSG00000236754,0.0
1322,ENSG00000108797,0.0
1323,ENSG00000185839,0.0
1324,ENSG00000174173,0.0
1325,ENSG00000236333,0.0
1326,ENSG00000113387,0.0
1327,ENSG00000143228,0.0
1328,ENSG00000164129,0.0
1329,ENSG00000171155,0.0
1330,ENSG00000026036,0.0
1331,ENSG00000133800,0.0
1332,ENSG00000273449,0.0
1333,ENSG00000132840,0.0
1334,ENSG00000253755,0.0
1335,ENSG00000138182,0.0
1336,ENSG00000164849,0.0
1337,ENSG00000279744,0.0
1338,ENSG00000271576,0.0
1339,ENSG00000138180,0.0
1340,ENSG00000273041,0.0
1341,ENSG00000127511,0.0
1342,ENSG00000273055,0.0
1343,ENSG00000188385,0.0
1344,ENSG00000143196,0.0
1345,ENSG00000197299,0.0
1346,ENSG00000281183,0.0
1347,ENSG00000164924,0.0
1348,ENSG00000144959,0.0
1349,ENSG00000262410,0.0
1350,ENSG00000221932,0.0
1351,ENSG00000176533,0.0
1352,ENSG00000276141,0.0
1353,ENSG00000257524,0.0
1354,ENSG00000262406,0.0
1355,ENSG00000277687,0.0
1356,ENSG00000243538,0.0
1357,ENSG00000272040,0.0
1358,ENSG00000175646,0.0
1359,ENSG00000197893,0.0
1360,ENSG00000165269,0.0
1361,ENSG00000169679,0.0
1362,ENSG00000169245,0.0
1363,ENSG00000185090,0.0
1364,ENSG00000119138,0.0
1365,ENSG00000229598,0.0
1366,ENSG00000180329,0.0
1367,ENSG00000270015,0.0
1368,ENSG00000188206,0.0
1369,ENSG00000197291,0.0
1370,ENSG00000185823,0.0
1371,ENSG00000077152,0.0
1372,ENSG00000258498,0.0
1373,ENSG00000175643,0.0
1374,ENSG00000228053,0.0
1375,ENSG00000272037,0.0
1376,ENSG00000115602,0.0
1377,ENSG00000231731,0.0
1378,ENSG00000260808,0.0
1379,ENSG00000189136,0.0
1380,ENSG00000127366,0.0
1381,ENSG00000152253,0.0
1382,ENSG00000140488,0.0
1383,ENSG00000063127,0.0
1384,ENSG00000213371,0.0
1385,ENSG00000006625,0.0
1386,ENSG00000164087,0.0
1387,ENSG00000227487,0.0
1388,ENSG00000102384,0.0
1389,ENSG00000229133,0.0
1390,ENSG00000253616,0.0
1391,ENSG00000279254,0.0
1392,ENSG00000180376,0.0
1393,ENSG00000162687,0.0
1394,ENSG00000256433,0.0
1395,ENSG00000059573,0.0
1396,ENSG00000165124,0.0
1397,ENSG00000255389,0.0
1398,ENSG00000251143,0.0
1399,ENSG00000237949,0.0
1400,ENSG00000106460,0.0
1401,ENSG00000152527,0.0
1402,ENSG00000213100,0.0
1403,ENSG00000214765,0.0
1404,ENSG00000204681,0.0
1405,ENSG00000225558,0.0
1406,ENSG00000267244,0.0
1407,ENSG00000214548,0.0
1408,ENSG00000230865,0.0
1409,ENSG00000165197,0.0
1410,ENSG00000163945,0.0
1411,ENSG00000169895,0.0
1412,ENSG00000226937,0.0
1413,ENSG00000244480,0.0
1414,ENSG00000137563,0.0
1415,ENSG00000275371,0.0
1416,ENSG00000112984,0.0
1417,ENSG00000018189,0.0
1418,ENSG00000280334,0.0
1419,ENSG00000173209,0.0
1420,ENSG00000132603,0.0
1421,ENSG00000224934,0.0
1422,ENSG00000155970,0.0
1423,ENSG00000137802,0.0
1424,ENSG00000161010,0.0
1425,ENSG00000261468,0.0
1426,ENSG00000232653,0.0
1427,ENSG00000228797,0.0
1428,ENSG00000236304,0.0
1429,ENSG00000260219,0.0
1430,ENSG00000213599,0.0
1431,ENSG00000108823,0.0
1432,ENSG00000204677,0.0
1433,ENSG00000270184,0.0
1434,ENSG00000270972,0.0
1435,ENSG00000065328,0.0
1436,ENSG00000126790,0.0
1437,ENSG00000278864,0.0
1438,ENSG00000110237,0.0
1439,ENSG00000279689,0.0
1440,ENSG00000141934,0.0
1441,ENSG00000121716,0.0
1442,ENSG00000273018,0.0
1443,ENSG00000259295,0.0
1444,ENSG00000269124,0.0
1445,ENSG00000258311,0.0
1446,ENSG00000179751,0.0
1447,ENSG00000175518,0.0
1448,ENSG00000243431,0.0
1449,ENSG00000157343,0.0
1450,ENSG00000132424,0.0
1451,ENSG00000272681,0.0
1452,ENSG00000213588,0.0
1453,ENSG00000238003,0.0
1454,ENSG00000269968,0.0
1455,ENSG00000267281,0.0
1456,ENSG00000267147,0.0
1457,ENSG00000206077,0.0
1458,ENSG00000235194,0.0
1459,ENSG00000100196,0.0
1460,ENSG00000198064,0.0
1461,ENSG00000233122,0.0
1462,ENSG00000182379,0.0
1463,ENSG00000226450,0.0
1464,ENSG00000267707,0.0
1465,ENSG00000139631,0.0
1466,ENSG00000012822,0.0
1467,ENSG00000123500,0.0
1468,ENSG00000110171,0.0
1469,ENSG00000267632,0.0
1470,ENSG00000092529,0.0
1471,ENSG00000253955,0.0
1472,ENSG00000109927,0.0
1473,ENSG00000160801,0.0
1474,ENSG00000144891,0.0
1475,ENSG00000134571,0.0
1476,ENSG00000184601,0.0
1477,ENSG00000154678,0.0
1478,ENSG00000261187,0.0
1479,ENSG00000233024,0.0
1480,ENSG00000186301,0.0
1481,ENSG00000146733,0.0
1482,ENSG00000230838,0.0
1483,ENSG00000116194,0.0
1484,ENSG00000133858,0.0
1485,ENSG00000204899,0.0
1486,ENSG00000173811,0.0
1487,ENSG00000071205,0.0
1488,ENSG00000174576,0.0
1489,ENSG00000109063,0.0
1490,ENSG00000280328,0.0
1491,ENSG00000186399,0.0
1492,ENSG00000166839,0.0
1493,ENSG00000258559,0.0
1494,ENSG00000179979,0.0
1495,ENSG00000158042,0.0
1496,ENSG00000159055,0.0
1497,ENSG00000278918,0.0
1498,ENSG00000281490,0.0
1499,ENSG00000272574,0.0
1500,ENSG00000263528,0.0
1501,ENSG00000154485,0.0
1502,ENSG00000163535,0.0
1503,ENSG00000163884,0.0
1504,ENSG00000164045,0.0
1505,ENSG00000254244,0.0
1506,ENSG00000231160,0.0
1507,ENSG00000184271,0.0
1508,ENSG00000272140,0.0
1509,ENSG00000272367,0.0
1510,ENSG00000279066,0.0
1511,ENSG00000188626,0.0
1512,ENSG00000272812,0.0
1513,ENSG00000186185,0.0
1514,ENSG00000181467,0.0
1515,ENSG00000118193,0.0
1516,ENSG00000162669,0.0
1517,ENSG00000113594,0.0
1518,ENSG00000185515,0.0
1519,ENSG00000260337,0.0
1520,ENSG00000184451,0.0
1521,ENSG00000174348,0.0
1522,ENSG00000223704,0.0
1523,ENSG00000279203,0.0
1524,ENSG00000136546,0.0
1525,ENSG00000234456,0.0
1526,ENSG00000271871,0.0
1527,ENSG00000008710,0.0
1528,ENSG00000113916,0.0
1529,ENSG00000089050,0.0
1530,ENSG00000282056,0.0
1531,ENSG00000055955,0.0
1532,ENSG00000275155,0.0
1533,ENSG00000262580,0.0
1534,ENSG00000117616,0.0
1535,ENSG00000068831,0.0
1536,ENSG00000264112,0.0
1537,ENSG00000215895,0.0
1538,ENSG00000186715,0.0
1539,ENSG00000255524,0.0
1540,ENSG00000123560,0.0
1541,ENSG00000225855,0.0
1542,ENSG00000095002,0.0
1543,ENSG00000204706,0.0
1544,ENSG00000279861,0.0
1545,ENSG00000271933,0.0
1546,ENSG00000129170,0.0
1547,ENSG00000258274,0.0
1548,ENSG00000260645,0.0
1549,ENSG00000175265,0.0
1550,ENSG00000259660,0.0
1551,ENSG00000159588,0.0
1552,ENSG00000160606,0.0
1553,ENSG00000141258,0.0
1554,ENSG00000258647,0.0
1555,ENSG00000122477,0.0
1556,ENSG00000155438,0.0
1557,ENSG00000266236,0.0
1558,ENSG00000267199,0.0
1559,ENSG00000184992,0.0
1560,ENSG00000225580,0.0
1561,ENSG00000187166,0.0
1562,ENSG00000154639,0.0
1563,ENSG00000225670,0.0
1564,ENSG00000237017,0.0
1565,ENSG00000221978,0.0
1566,ENSG00000278071,0.0
1567,ENSG00000220875,0.0
1568,ENSG00000149294,0.0
1569,ENSG00000073111,0.0
1570,ENSG00000268297,0.0
1571,ENSG00000074755,0.0
1572,ENSG00000235351,0.0
1573,ENSG00000197561,0.0
1574,ENSG00000136943,0.0
1575,ENSG00000121621,0.0
1576,ENSG00000276523,0.0
1577,ENSG00000146070,0.0
1578,ENSG00000198937,0.0
1579,ENSG00000244151,0.0
1580,ENSG00000227232,0.0
1581,ENSG00000227782,0.0
1582,ENSG00000100288,0.0
1583,ENSG00000093100,0.0
1584,ENSG00000049541,0.0
1585,ENSG00000102904,0.0
1586,ENSG00000255176,0.0
1587,ENSG00000234042,0.0
1588,ENSG00000095637,0.0
1589,ENSG00000160131,0.0
1590,ENSG00000206561,0.0
1591,ENSG00000169231,0.0
1592,ENSG00000186354,0.0
1593,ENSG00000204542,0.0
1594,ENSG00000254676,0.0
1595,ENSG00000226252,0.0
1596,ENSG00000003249,0.0
1597,ENSG00000259614,0.0
1598,ENSG00000115361,0.0
1599,ENSG00000278867,0.0
1600,ENSG00000093009,0.0
1601,ENSG00000272578,0.0
1602,ENSG00000141431,0.0
1603,ENSG00000154134,0.0
1604,ENSG00000226800,0.0
1605,ENSG00000271941,0.0
1606,ENSG00000139625,0.0
1607,ENSG00000280302,0.0
1608,ENSG00000261794,0.0
1609,ENSG00000242600,0.0
1610,ENSG00000170779,0.0
1611,ENSG00000036530,0.0
1612,ENSG00000172954,0.0
1613,ENSG00000262533,0.0
1614,ENSG00000255445,0.0
1615,ENSG00000108381,0.0
1616,ENSG00000272180,0.0
1617,ENSG00000198618,0.0
1618,ENSG00000273521,0.0
1619,ENSG00000248746,0.0
1620,ENSG00000130653,0.0
1621,ENSG00000160808,0.0
1622,ENSG00000177483,0.0
1623,ENSG00000240053,0.0
1624,ENSG00000272078,0.0
1625,ENSG00000089685,0.0
1626,ENSG00000229019,0.0
1627,ENSG00000182628,0.0
1628,ENSG00000232186,0.0
1629,ENSG00000010327,0.0
1630,ENSG00000050344,0.0
1631,ENSG00000197776,0.0
1632,ENSG00000121211,0.0
1633,ENSG00000272240,0.0
1634,ENSG00000280200,0.0
1635,ENSG00000160446,0.0
1636,ENSG00000167004,0.0
1637,ENSG00000146122,0.0
1638,ENSG00000259158,0.0
1639,ENSG00000128534,0.0
1640,ENSG00000227078,0.0
1641,ENSG00000136522,0.0
1642,ENSG00000267395,0.0
1643,ENSG00000248569,0.0
1644,ENSG00000029993,0.0
1645,ENSG00000104147,0.0
1646,ENSG00000256663,0.0
1647,ENSG00000248677,0.0
1648,ENSG00000101888,0.0
1649,ENSG00000218502,0.0
1650,ENSG00000091651,0.0
1651,ENSG00000272541,0.0
1652,ENSG00000271730,0.0
1653,ENSG00000157150,0.0
1654,ENSG00000255351,0.0
1655,ENSG00000169885,0.0
1656,ENSG00000147059,0.0
1657,ENSG00000117877,0.0
1658,ENSG00000266341,0.0
1659,ENSG00000071991,0.0
1660,ENSG00000274292,0.0
1661,ENSG00000241170,0.0
1662,ENSG00000163728,0.0
1663,ENSG00000196440,0.0
1664,ENSG00000183814,0.0
1665,ENSG00000253200,0.0
1666,ENSG00000250221,0.0
1667,ENSG00000237781,0.0
1668,ENSG00000232187,0.0
1669,ENSG00000261126,0.0
1670,ENSG00000271533,0.0
1671,ENSG00000186642,0.0
1672,ENSG00000229503,0.0
1673,ENSG00000114857,0.0
1674,ENSG00000272807,0.0
1675,ENSG00000232909,0.0
1676,ENSG00000100162,0.0
1677,ENSG00000155749,0.0
1678,ENSG00000204172,0.0
1679,ENSG00000232224,0.0
1680,ENSG00000254726,0.0
1681,ENSG00000204311,0.0
1682,ENSG00000233452,0.0
1683,ENSG00000186871,0.0
1684,ENSG00000279434,0.0
1685,ENSG00000145293,0.0
1686,ENSG00000184313,0.0
1687,ENSG00000275888,0.0
1688,ENSG00000255139,0.0
1689,ENSG00000183287,0.0
1690,ENSG00000239884,0.0
1691,ENSG00000229859,0.0
1692,ENSG00000230204,0.0
1693,ENSG00000187801,0.0
1694,ENSG00000242100,0.0
1695,ENSG00000147536,0.0
1696,ENSG00000231861,0.0
1697,ENSG00000179934,0.0
1698,ENSG00000143106,0.0
1699,ENSG00000272501,0.0
1700,ENSG00000270012,0.0
1701,ENSG00000196747,0.0
1702,ENSG00000169246,0.0
1703,ENSG00000165792,0.0
1704,ENSG00000280057,0.0
1705,ENSG00000280119,0.0
1706,ENSG00000179750,0.0
1707,ENSG00000101955,0.0
1708,ENSG00000243746,0.0
1709,ENSG00000104738,0.0
1710,ENSG00000146143,0.0
1711,ENSG00000242349,0.0
1712,ENSG00000274184,0.0
1713,ENSG00000186466,0.0
1714,ENSG00000230928,0.0
1715,ENSG00000163808,0.0
1716,ENSG00000272589,0.0
1717,ENSG00000070193,0.0
1718,ENSG00000219507,0.0
1719,ENSG00000270020,0.0
1720,ENSG00000259321,0.0
1721,ENSG00000130021,0.0
1722,ENSG00000267169,0.0
1723,ENSG00000167371,0.0
1724,ENSG00000226806,0.0
1725,ENSG00000267769,0.0
1726,ENSG00000214402,0.0
1727,ENSG00000228925,0.0
1728,ENSG00000278677,0.0
1729,ENSG00000137392,0.0
1730,ENSG00000267573,0.0
1731,ENSG00000135473,0.0
1732,ENSG00000264772,0.0
1733,ENSG00000046604,0.0
1734,ENSG00000233532,0.0
1735,ENSG00000118705,0.0
1736,ENSG00000223756,0.0
1737,ENSG00000137309,0.0
1738,ENSG00000147889,0.0
1739,ENSG00000157927,0.0
1740,ENSG00000161980,0.0
1741,ENSG00000153823,0.0
1742,ENSG00000101441,0.0
1743,ENSG00000176532,0.0
1744,ENSG00000184465,0.0
1745,ENSG00000281005,0.0
1746,ENSG00000129810,0.0
1747,ENSG00000218586,0.0
1748,ENSG00000163126,0.0
1749,ENSG00000260121,0.0
1750,ENSG00000258819,0.0
1751,ENSG00000227954,0.0
1752,ENSG00000212694,0.0
1753,ENSG00000188779,0.0
1754,ENSG00000172748,0.0
1755,ENSG00000255986,0.0
1756,ENSG00000185864,0.0
1757,ENSG00000248445,0.0
1758,ENSG00000280378,0.0
1759,ENSG00000079308,0.0
1760,ENSG00000255036,0.0
1761,ENSG00000234742,0.0
1762,ENSG00000007392,0.0
1763,ENSG00000074696,0.0
1764,ENSG00000126952,0.0
1765,ENSG00000182873,0.0
1766,ENSG00000274267,0.0
1767,ENSG00000228804,0.0
1768,ENSG00000198711,0.0
1769,ENSG00000279605,0.0
1770,ENSG00000142615,0.0
1771,ENSG00000205085,0.0
1772,ENSG00000273599,0.0
1773,ENSG00000245148,0.0
1774,ENSG00000272631,0.0
1775,ENSG00000259905,0.0
1776,ENSG00000161912,0.0
1777,ENSG00000282458,0.0
1778,ENSG00000166762,0.0
1779,ENSG00000185946,0.0
1780,ENSG00000124562,0.0
1781,ENSG00000181234,0.0
1782,ENSG00000203867,0.0
1783,ENSG00000246339,0.0
1784,ENSG00000135164,0.0
1785,ENSG00000182310,0.0
1786,ENSG00000213373,0.0
1787,ENSG00000235245,0.0
1788,ENSG00000168505,0.0
1789,ENSG00000272321,0.0
1790,ENSG00000269737,0.0
1791,ENSG00000101605,0.0
1792,ENSG00000259488,0.0
1793,ENSG00000269514,0.0
1794,ENSG00000244513,0.0
1795,ENSG00000254855,0.0
1796,ENSG00000229776,0.0
1797,ENSG00000178966,0.0
1798,ENSG00000111452,0.0
1799,ENSG00000196547,0.0
1800,ENSG00000243364,0.0
1801,ENSG00000167766,0.0
1802,ENSG00000243970,0.0
1803,ENSG00000182836,0.0
1804,ENSG00000177350,0.0
1805,ENSG00000008128,0.0
1806,ENSG00000238018,0.0
1807,ENSG00000238105,0.0
1808,ENSG00000143382,0.0
1809,ENSG00000168477,0.0
1810,ENSG00000235688,0.0
1811,ENSG00000271723,0.0
1812,ENSG00000279330,0.0
1813,ENSG00000127578,0.0
1814,ENSG00000265489,0.0
1815,ENSG00000186193,0.0
1816,ENSG00000238249,0.0
1817,ENSG00000188388,0.0
1818,ENSG00000184497,0.0
1819,ENSG00000101464,0.0
1820,ENSG00000160285,0.0
1821,ENSG00000241769,0.0
1822,ENSG00000104936,0.0
1823,ENSG00000100297,0.0
1824,ENSG00000099957,0.0
1825,ENSG00000143549,0.0
1826,ENSG00000213539,0.0
1827,ENSG00000177133,0.0
1828,ENSG00000085840,0.0
1829,ENSG00000235043,0.0
1830,ENSG00000131018,0.0
1831,ENSG00000112619,0.0
1832,ENSG00000260367,0.0
1833,ENSG00000160877,0.0
1834,ENSG00000087586,0.0
1835,ENSG00000234719,0.0
1836,ENSG00000240038,0.0
1837,ENSG00000111404,0.0
1838,ENSG00000265413,0.0
1839,ENSG00000108106,0.0
1840,ENSG00000214182,0.0
1841,ENSG00000169203,0.0
1842,ENSG00000246451,0.0
1843,ENSG00000273821,0.0
1844,ENSG00000183423,0.0
1845,ENSG00000197815,0.0
1846,ENSG00000280332,0.0
1847,ENSG00000238172,0.0
1848,ENSG00000163468,0.0
1849,ENSG00000126267,0.0
1850,ENSG00000262877,0.0
1851,ENSG00000243696,0.0
1852,ENSG00000156885,0.0
1853,ENSG00000101412,0.0
1854,ENSG00000135747,0.0
1855,ENSG00000142789,0.0
1856,ENSG00000270871,0.0
1857,ENSG00000278989,0.0
1858,ENSG00000128159,0.0
1859,ENSG00000236439,0.0
1860,ENSG00000086598,0.0
1861,ENSG00000197976,0.0
1862,ENSG00000255182,0.0
1863,ENSG00000273007,0.0
1864,ENSG00000166856,0.0
1865,ENSG00000272195,0.0
1866,ENSG00000204429,0.0
1867,ENSG00000272871,0.0
1868,ENSG00000250982,0.0
1869,ENSG00000174429,0.0
1870,ENSG00000136011,0.0
1871,ENSG00000185985,0.0
1872,ENSG00000144410,0.0
1873,ENSG00000268030,0.0
1874,ENSG00000228486,0.0
1875,ENSG00000261740,0.0
1876,ENSG00000080947,0.0
1877,ENSG00000198535,0.0
1878,ENSG00000232295,0.0
1879,ENSG00000279311,0.0
1880,ENSG00000206149,0.0
1881,ENSG00000272145,0.0
1882,ENSG00000118495,0.0
1883,ENSG00000258515,0.0
1884,ENSG00000157306,0.0
1885,ENSG00000219073,0.0
1886,ENSG00000117834,0.0
1887,ENSG00000203786,0.0
1888,ENSG00000172901,0.0
1889,ENSG00000156194,0.0
1890,ENSG00000228168,0.0
1891,ENSG00000272732,0.0
1892,ENSG00000228314,0.0
1893,ENSG00000076554,0.0
1894,ENSG00000211706,0.0
1895,ENSG00000280195,0.0
1896,ENSG00000178999,0.0
1897,ENSG00000196557,0.0
1898,ENSG00000100985,0.0
1899,ENSG00000118242,0.0
1900,ENSG00000169258,0.0
1901,ENSG00000130656,0.0
1902,ENSG00000095464,0.0
1903,ENSG00000171241,0.0
1904,ENSG00000185480,0.0
1905,ENSG00000162062,0.0
1906,ENSG00000203724,0.0
1907,ENSG00000198554,0.0
1908,ENSG00000266714,0.0
1909,ENSG00000140538,0.0
1910,ENSG00000272669,0.0
1911,ENSG00000211445,0.0
1912,ENSG00000113460,0.0
1913,ENSG00000166292,0.0
1914,ENSG00000196611,0.0
1915,ENSG00000174938,0.0
1916,ENSG00000258388,0.0
1917,ENSG00000260578,0.0
1918,ENSG00000138071,0.0
1919,ENSG00000216490,0.0
1920,ENSG00000248124,0.0
1921,ENSG00000148357,0.0
1922,ENSG00000102962,0.0
1923,ENSG00000173207,0.0
1924,ENSG00000232926,0.0
1925,ENSG00000160124,0.0
1926,ENSG00000263020,0.0
1927,ENSG00000246477,0.0
1928,ENSG00000037042,0.0
1929,ENSG00000175581,0.0
1930,ENSG00000214655,0.0
1931,ENSG00000138778,0.0
1932,ENSG00000211793,0.0
1933,ENSG00000172554,0.0
1934,ENSG00000271086,0.0
1935,ENSG00000179978,0.0
1936,ENSG00000266733,0.0
1937,ENSG00000112077,0.0
1938,ENSG00000170439,0.0
1939,ENSG00000237399,0.0
1940,ENSG00000280304,0.0
1941,ENSG00000130595,0.0
1942,ENSG00000162367,0.0
1943,ENSG00000271870,0.0
1944,ENSG00000260668,0.0
1945,ENSG00000170348,0.0
1946,ENSG00000198838,0.0
1947,ENSG00000075188,0.0
1948,ENSG00000238085,0.0
1949,ENSG00000251495,0.0
1950,ENSG00000099326,0.0
1951,ENSG00000280237,0.0
1952,ENSG00000279989,0.0
1953,ENSG00000184381,0.0
1954,ENSG00000183833,0.0
1955,ENSG00000186940,0.0
1956,ENSG00000010322,0.0
1957,ENSG00000245869,0.0
1958,ENSG00000142046,0.0
1959,ENSG00000156970,0.0
1960,ENSG00000163431,0.0
1961,ENSG00000269936,0.0
1962,ENSG00000259881,0.0
1963,ENSG00000279026,0.0
1964,ENSG00000237641,0.0
1965,ENSG00000167524,0.0
1966,ENSG00000123213,0.0
1967,ENSG00000275413,0.0
1968,ENSG00000115415,0.0
1969,ENSG00000094963,0.0
1970,ENSG00000137868,0.0
1971,ENSG00000280038,0.0
1972,ENSG00000269148,0.0
1973,ENSG00000227896,0.0
1974,ENSG00000241684,0.0
1975,ENSG00000117650,0.0
1976,ENSG00000280159,0.0
1977,ENSG00000218358,0.0
1978,ENSG00000164932,0.0
1979,ENSG00000113971,0.0
1980,ENSG00000240809,0.0
1981,ENSG00000279700,0.0
1982,ENSG00000127564,0.0
1983,ENSG00000228643,0.0
1984,ENSG00000279115,0.0
1985,ENSG00000010295,0.0
1986,ENSG00000128482,0.0
1987,ENSG00000147174,0.0
1988,ENSG00000123473,0.0
1989,ENSG00000215908,0.0
1990,ENSG00000103472,0.0
1991,ENSG00000271344,0.0
1992,ENSG00000263126,0.0
1993,ENSG00000065325,0.0
1994,ENSG00000230630,0.0
1995,ENSG00000235298,0.0
1996,ENSG00000109920,0.0
1997,ENSG00000254170,0.0
1998,ENSG00000183010,0.0
1999,ENSG00000166436,0.0
2000,ENSG00000146410,0.0
