Rank,Gene,Gene_Symbol,Mean_Absolute_SHAP
1,ENSG00000219928,,1.4941882
2,ENSG00000092054,MYH7,0.91510314
3,ENSG00000167615,LENG8,0.61870074
4,ENSG00000281383,,0.47496405
5,ENSG00000277741,GOLGA6L17P,0.45355675
6,ENSG00000111245,MYL2,0.42217022
7,ENSG00000154263,ABCA10,0.32521266
8,ENSG00000072778,ACADVL,0.30642885
9,ENSG00000075826,SEC31B,0.2659718
10,ENSG00000086232,EIF2AK1,0.24387541
11,ENSG00000259384,GH1,0.2356995
12,ENSG00000169627,BOLA2B,0.21555705
13,ENSG00000272789,MYO7B-AS1,0.18183501
14,ENSG00000143520,FLG2,0.18077804
15,ENSG00000256028,,0.14346746
16,ENSG00000163902,RPN1,0.12999442
17,ENSG00000279473,,0.120611496
18,ENSG00000120509,PDZD11,0.11013873
19,ENSG00000235734,HMGN1P36,0.10110793
20,ENSG00000134057,CCNB1,0.09924013
21,ENSG00000099953,MMP11,0.097683094
22,ENSG00000042062,RIPOR3,0.08935138
23,ENSG00000277998,,0.07903642
24,ENSG00000170373,CST1,0.07187895
25,ENSG00000188612,SUMO2,0.054380983
26,ENSG00000175206,NPPA,0.05054066
27,ENSG00000171792,RHNO1,0.0483005
28,ENSG00000147576,ADHFE1,0.046695992
29,ENSG00000122304,PRM2,0.044441424
30,ENSG00000236058,RPL17P36,0.044073723
31,ENSG00000127922,SEM1,0.040326554
32,ENSG00000224126,UBE2SP2,0.039247625
33,ENSG00000126067,PSMB2,0.03193015
34,ENSG00000138430,OLA1,0.03142844
35,ENSG00000149451,ADAM33,0.031000895
36,ENSG00000277791,PSMB3,0.02945196
37,ENSG00000114686,MRPL3,0.028905597
38,ENSG00000068489,PRR11,0.02672131
39,ENSG00000179218,CALR,0.026060326
40,ENSG00000169188,APEX2,0.025968323
41,ENSG00000205155,PSENEN,0.025917249
42,ENSG00000131153,GINS2,0.025016857
43,ENSG00000145020,AMT,0.024387311
44,ENSG00000206228,HNRNPA1P4,0.023677023
45,ENSG00000140398,NEIL1,0.021196123
46,ENSG00000058804,NDC1,0.021103786
47,ENSG00000164611,PTTG1,0.020878669
48,ENSG00000261461,UBE2MP1,0.01936142
49,ENSG00000204253,HNRNPCP2,0.019051516
50,ENSG00000109061,MYH1,0.018821457
51,ENSG00000217624,YWHAZP10,0.017918885
52,ENSG00000166803,PCLAF,0.017683834
53,ENSG00000164109,MAD2L1,0.017131772
54,ENSG00000129467,ADCY4,0.016812883
55,ENSG00000164283,ESM1,0.016747838
56,ENSG00000229237,HMGN1P37,0.016541477
57,ENSG00000106399,RPA3,0.0163248
58,ENSG00000267523,,0.016220834
59,ENSG00000272491,,0.01514371
60,ENSG00000114346,ECT2,0.014876078
61,ENSG00000008311,AASS,0.014721778
62,ENSG00000117862,TXNDC12,0.014202778
63,ENSG00000167513,CDT1,0.013736167
64,ENSG00000163041,H3-3A,0.013696068
65,ENSG00000105011,ASF1B,0.013497454
66,ENSG00000239672,NME1,0.012426253
67,ENSG00000267385,,0.012131402
68,ENSG00000258727,AP1G2-AS1,0.011808832
69,ENSG00000234498,RPL13AP20,0.011664043
70,ENSG00000102901,CENPT,0.011292989
71,ENSG00000282558,,0.010915718
72,ENSG00000175832,ETV4,0.010865985
73,ENSG00000160882,CYP11B1,0.010847051
74,ENSG00000143536,CRNN,0.010057567
75,ENSG00000258424,,0.009649885
76,ENSG00000198932,GPRASP1,0.00942139
77,ENSG00000276168,RN7SL1,0.009366079
78,ENSG00000111196,MAGOHB,0.009015212
79,ENSG00000183426,NPIPA1,0.008734812
80,ENSG00000070756,PABPC1,0.008672027
81,ENSG00000141338,ABCA8,0.008642185
82,ENSG00000136731,UGGT1,0.008615851
83,ENSG00000153902,LGI4,0.008362319
84,ENSG00000125835,SNRPB,0.00812173
85,ENSG00000175063,UBE2C,0.0074447053
86,ENSG00000105699,LSR,0.0070091584
87,ENSG00000225573,RPL35P5,0.0066346386
88,ENSG00000175309,PHYKPL,0.006379672
89,ENSG00000172179,PRL,0.006265291
90,ENSG00000109805,NCAPG,0.006197968
91,ENSG00000249264,EEF1A1P9,0.006080491
92,ENSG00000177485,ZBTB33,0.006001093
93,ENSG00000029559,IBSP,0.0059594274
94,ENSG00000117399,CDC20,0.0056987344
95,ENSG00000111247,RAD51AP1,0.005542844
96,ENSG00000226232,NPIPB14P,0.0052905884
97,ENSG00000273184,,0.005243603
98,ENSG00000104889,RNASEH2A,0.0052427496
99,ENSG00000214199,EEF1A1P12,0.0049874256
100,ENSG00000136982,DSCC1,0.004844817
101,ENSG00000165795,NDRG2,0.0047346503
102,ENSG00000131747,TOP2A,0.004633469
103,ENSG00000234743,EIF5AP4,0.0046256715
104,ENSG00000111077,TNS2,0.0045575085
105,ENSG00000227097,RPS28P7,0.0044355164
106,ENSG00000261114,,0.0040195845
107,ENSG00000281026,N4BP2L2-IT2,0.0035247435
108,ENSG00000100290,BIK,0.0035047214
109,ENSG00000225313,,0.0035015931
110,ENSG00000214391,TUBAP2,0.0034197
111,ENSG00000172867,KRT2,0.0033667444
112,ENSG00000064205,CCN5,0.0031356416
113,ENSG00000126249,PDCD2L,0.002960695
114,ENSG00000095970,TREM2,0.0029252698
115,ENSG00000273045,C2orf15,0.002739094
116,ENSG00000213228,RPL12P38,0.0026988692
117,ENSG00000280143,,0.0026189955
118,ENSG00000205364,MT1M,0.0025969094
119,ENSG00000274012,RN7SL2,0.0025732075
120,ENSG00000111057,KRT18,0.002554192
121,ENSG00000243480,AMY2A,0.002500664
122,ENSG00000177363,LRRN4CL,0.0024480473
123,ENSG00000216866,RPS2P55,0.0024019545
124,ENSG00000226564,FTH1P20,0.0023219085
125,ENSG00000268222,EEF1A1P7,0.002310595
126,ENSG00000050393,MCUR1,0.0021274288
127,ENSG00000109881,CCDC34,0.0020856783
128,ENSG00000213326,RPS7P11,0.0020451685
129,ENSG00000168275,COA6,0.0020154885
130,ENSG00000104859,CLASRP,0.0020111955
131,ENSG00000233967,,0.0019669097
132,ENSG00000162461,SLC25A34,0.0019455865
133,ENSG00000231878,SNRPFP1,0.0019306878
134,ENSG00000175130,MARCKSL1,0.0019024679
135,ENSG00000196976,LAGE3,0.0017881404
136,ENSG00000273786,,0.0017387898
137,ENSG00000187608,ISG15,0.0017193911
138,ENSG00000049249,TNFRSF9,0.0016475171
139,ENSG00000233627,C4A-AS1,0.0016408373
140,ENSG00000253683,,0.0016390784
141,ENSG00000278662,GOLGA6L10,0.0013214909
142,ENSG00000215093,EEF1A1P29,0.00121213
143,ENSG00000273432,,0.0009988156
144,ENSG00000213432,RPL17P34,0.0009837889
145,ENSG00000117394,SLC2A1,0.00091748097
146,ENSG00000112309,B3GAT2,0.0008979317
147,ENSG00000167768,KRT1,0.0008781773
148,ENSG00000224208,ZCRB1P1,0.00087695697
149,ENSG00000236060,HSPB1P1,0.0007611261
150,ENSG00000154262,ABCA6,0.0007431791
151,ENSG00000185873,TMPRSS11B,0.0007052026
152,ENSG00000165072,MAMDC2,0.0006675096
153,ENSG00000144649,GASK1A,0.0005574262
154,ENSG00000177943,MAMDC4,0.0004199789
155,ENSG00000168078,PBK,0.0
156,ENSG00000167553,TUBA1C,0.0
157,ENSG00000213108,BTF3L4P3,0.0
158,ENSG00000213398,LCAT,0.0
159,ENSG00000163531,NFASC,0.0
160,ENSG00000274051,,0.0
161,ENSG00000259644,,0.0
162,ENSG00000251920,RNA5SP216,0.0
163,ENSG00000130714,POMT1,0.0
164,ENSG00000267653,MAP2K6-AS1,0.0
165,ENSG00000198590,APRG1,0.0
166,ENSG00000274536,MIR223HG,0.0
167,ENSG00000167434,CA4,0.0
168,ENSG00000182983,ZNF662,0.0
169,ENSG00000280198,,0.0
170,ENSG00000223839,FAM95B1,0.0
171,ENSG00000225929,,0.0
172,ENSG00000232037,RPL21P29,0.0
173,ENSG00000267361,SEC24AP1,0.0
174,ENSG00000256210,TMEM167AP2,0.0
175,ENSG00000179546,HTR1D,0.0
176,ENSG00000167978,SRRM2,0.0
177,ENSG00000273000,,0.0
178,ENSG00000170417,TMEM182,0.0
179,ENSG00000164934,DCAF13,0.0
180,ENSG00000178115,GOLGA8Q,0.0
181,ENSG00000221995,,0.0
182,ENSG00000250148,KRT8P31,0.0
183,ENSG00000158769,F11R,0.0
184,ENSG00000240291,CACNB2-AS1,0.0
185,ENSG00000172399,MYOZ2,0.0
186,ENSG00000126787,DLGAP5,0.0
187,ENSG00000155660,PDIA4,0.0
188,ENSG00000214787,MS4A4E,0.0
189,ENSG00000273372,SFTPD-AS1,0.0
190,ENSG00000167302,TEPSIN,0.0
191,ENSG00000241404,EGFL8,0.0
192,ENSG00000161800,RACGAP1,0.0
193,ENSG00000034971,MYOC,0.0
194,ENSG00000213235,EEF1A1P16,0.0
195,ENSG00000167676,PLIN4,0.0
196,ENSG00000112742,TTK,0.0
197,ENSG00000235028,HMGN1P30,0.0
198,ENSG00000260105,AOC4P,0.0
199,ENSG00000067840,PDZD4,0.0
200,ENSG00000163661,PTX3,0.0
201,ENSG00000259408,,0.0
202,ENSG00000257511,,0.0
203,ENSG00000130307,USHBP1,0.0
204,ENSG00000271895,,0.0
205,ENSG00000213280,,0.0
206,ENSG00000167641,PPP1R14A,0.0
207,ENSG00000122756,CNTFR,0.0
208,ENSG00000261408,TEN1-CDK3,0.0
209,ENSG00000255031,,0.0
210,ENSG00000185271,KLHL33,0.0
211,ENSG00000224239,,0.0
212,ENSG00000267834,,0.0
213,ENSG00000254986,DPP3,0.0
214,ENSG00000231064,THBS3-AS1,0.0
215,ENSG00000180921,FAM83H,0.0
216,ENSG00000158477,CD1A,0.0
217,ENSG00000279447,,0.0
218,ENSG00000188234,AGAP4,0.0
219,ENSG00000174403,CRMA,0.0
220,ENSG00000268350,FAM156A,0.0
221,ENSG00000213519,RPL36P7,0.0
222,ENSG00000226237,GAS1RR,0.0
223,ENSG00000151006,PRSS53,0.0
224,ENSG00000144596,GRIP2,0.0
225,ENSG00000270093,,0.0
226,ENSG00000185189,NRBP2,0.0
227,ENSG00000158887,MPZ,0.0
228,ENSG00000138755,CXCL9,0.0
229,ENSG00000116652,DLEU2L,0.0
230,ENSG00000188981,MSANTD1,0.0
231,ENSG00000143127,ITGA10,0.0
232,ENSG00000146232,NFKBIE,0.0
233,ENSG00000265690,,0.0
234,ENSG00000240247,DEFA1B,0.0
235,ENSG00000230869,AGAP10P,0.0
236,ENSG00000183092,BEGAIN,0.0
237,ENSG00000271417,,0.0
238,ENSG00000227999,MTND5P1,0.0
239,ENSG00000237988,OR2I1,0.0
240,ENSG00000251026,NIHCOLE,0.0
241,ENSG00000213073,CHP1P2,0.0
242,ENSG00000152580,IGSF10,0.0
243,ENSG00000280399,,0.0
244,ENSG00000182004,SNRPE,0.0
245,ENSG00000170323,FABP4,0.0
246,ENSG00000239839,DEFA3,0.0
247,ENSG00000004777,ARHGAP33,0.0
248,ENSG00000241218,CSP2,0.0
249,ENSG00000180229,HERC2P3,0.0
250,ENSG00000213077,,0.0
251,ENSG00000140092,FBLN5,0.0
252,ENSG00000077616,NAALAD2,0.0
253,ENSG00000261490,,0.0
254,ENSG00000223959,AFG3L1P,0.0
255,ENSG00000278949,,0.0
256,ENSG00000189350,TOGARAM2,0.0
257,ENSG00000272914,,0.0
258,ENSG00000241741,RPL7AP30,0.0
259,ENSG00000264548,,0.0
260,ENSG00000280211,,0.0
261,ENSG00000132702,HAPLN2,0.0
262,ENSG00000096696,DSP,0.0
263,ENSG00000154839,SKA1,0.0
264,ENSG00000175535,PNLIP,0.0
265,ENSG00000018625,ATP1A2,0.0
266,ENSG00000153291,SLC25A27,0.0
267,ENSG00000237886,NALT1,0.0
268,ENSG00000121152,NCAPH,0.0
269,ENSG00000267546,,0.0
270,ENSG00000276248,,0.0
271,ENSG00000280214,,0.0
272,ENSG00000136492,BRIP1,0.0
273,ENSG00000256508,MRGPRF-AS1,0.0
274,ENSG00000271795,,0.0
275,ENSG00000249931,GOLGA8K,0.0
276,ENSG00000242735,RPSAP26,0.0
277,ENSG00000101751,POLI,0.0
278,ENSG00000178055,PRSS42P,0.0
279,ENSG00000024526,DEPDC1,0.0
280,ENSG00000213856,VDAC1P2,0.0
281,ENSG00000224812,TMEM72-AS1,0.0
282,ENSG00000197083,ZNF300P1,0.0
283,ENSG00000227507,LTB,0.0
284,ENSG00000245149,RNF139-DT,0.0
285,ENSG00000268047,,0.0
286,ENSG00000234264,DEPDC1-AS1,0.0
287,ENSG00000236090,LDHAP3,0.0
288,ENSG00000051341,POLQ,0.0
289,ENSG00000078549,ADCYAP1R1,0.0
290,ENSG00000133195,SLC39A11,0.0
291,ENSG00000206053,JPT2,0.0
292,ENSG00000188725,SMIM15,0.0
293,ENSG00000115163,CENPA,0.0
294,ENSG00000149554,CHEK1,0.0
295,ENSG00000276488,,0.0
296,ENSG00000281969,,0.0
297,ENSG00000076344,RGS11,0.0
298,ENSG00000271327,,0.0
299,ENSG00000181800,CELF2-AS1,0.0
300,ENSG00000165609,NUDT5,0.0
301,ENSG00000276772,,0.0
302,ENSG00000233885,YEATS2-AS1,0.0
303,ENSG00000095564,BTAF1,0.0
304,ENSG00000226781,TBCAP1,0.0
305,ENSG00000267439,,0.0
306,ENSG00000103168,TAF1C,0.0
307,ENSG00000171817,ZNF540,0.0
308,ENSG00000269202,,0.0
309,ENSG00000143493,INTS7,0.0
310,ENSG00000176716,OR10AB1P,0.0
311,ENSG00000259275,,0.0
312,ENSG00000226516,FAM138B,0.0
313,ENSG00000143632,ACTA1,0.0
314,ENSG00000279696,,0.0
315,ENSG00000162813,BPNT1,0.0
316,ENSG00000269194,,0.0
317,ENSG00000150625,GPM6A,0.0
318,ENSG00000214021,TTLL3,0.0
319,ENSG00000106268,NUDT1,0.0
320,ENSG00000241489,,0.0
321,ENSG00000215041,NEURL4,0.0
322,ENSG00000094804,CDC6,0.0
323,ENSG00000244953,,0.0
324,ENSG00000157796,WDR19,0.0
325,ENSG00000178809,TRIM73,0.0
326,ENSG00000179698,WDR97,0.0
327,ENSG00000281974,,0.0
328,ENSG00000225828,FAM229A,0.0
329,ENSG00000119888,EPCAM,0.0
330,ENSG00000230910,ADGRB3-DT,0.0
331,ENSG00000279196,,0.0
332,ENSG00000120049,KCNIP2,0.0
333,ENSG00000243679,,0.0
334,ENSG00000242086,MUC20-OT1,0.0
335,ENSG00000117724,CENPF,0.0
336,ENSG00000149418,ST14,0.0
337,ENSG00000205853,RFPL3S,0.0
338,ENSG00000224713,ARHGEF25-AS1,0.0
339,ENSG00000172935,MRGPRF,0.0
340,ENSG00000241728,,0.0
341,ENSG00000173801,JUP,0.0
342,ENSG00000179958,DCTPP1,0.0
343,ENSG00000104879,CKM,0.0
344,ENSG00000272505,,0.0
345,ENSG00000181856,SLC2A4,0.0
346,ENSG00000231991,ANXA2P2,0.0
347,ENSG00000236809,SNX25P1,0.0
348,ENSG00000167549,CORO6,0.0
349,ENSG00000280157,,0.0
350,ENSG00000139343,SNRPF,0.0
351,ENSG00000214973,CHCHD3P3,0.0
352,ENSG00000079462,PAFAH1B3,0.0
353,ENSG00000179915,NRXN1,0.0
354,ENSG00000227525,RPL7P6,0.0
355,ENSG00000168026,TTC21A,0.0
356,ENSG00000183155,RABIF,0.0
357,ENSG00000277778,PGM5P2,0.0
358,ENSG00000162377,COA7,0.0
359,ENSG00000271997,,0.0
360,ENSG00000273729,,0.0
361,ENSG00000061794,MRPS35,0.0
362,ENSG00000213236,YWHAZP2,0.0
363,ENSG00000277135,,0.0
364,ENSG00000248174,LINC02268,0.0
365,ENSG00000267774,,0.0
366,ENSG00000267532,MIR497HG,0.0
367,ENSG00000271880,,0.0
368,ENSG00000099812,MISP,0.0
369,ENSG00000280077,,0.0
370,ENSG00000088325,TPX2,0.0
371,ENSG00000159455,LCE2B,0.0
372,ENSG00000260751,,0.0
373,ENSG00000079277,MKNK1,0.0
374,ENSG00000179101,H3P47,0.0
375,ENSG00000261879,ZNF594-DT,0.0
376,ENSG00000065600,PACC1,0.0
377,ENSG00000272328,,0.0
378,ENSG00000164400,CSF2,0.0
379,ENSG00000176438,SYNE3,0.0
380,ENSG00000250859,HNRNPKP1,0.0
381,ENSG00000187800,PEAR1,0.0
382,ENSG00000233237,LINC00472,0.0
383,ENSG00000166819,PLIN1,0.0
384,ENSG00000178338,ZNF354B,0.0
385,ENSG00000130528,HRC,0.0
386,ENSG00000226871,,0.0
387,ENSG00000101811,CSTF2,0.0
388,ENSG00000184661,CDCA2,0.0
389,ENSG00000213886,UBD,0.0
390,ENSG00000168970,JMJD7-PLA2G4B,0.0
391,ENSG00000134201,GSTM5,0.0
392,ENSG00000163660,CCNL1,0.0
393,ENSG00000279118,,0.0
394,ENSG00000267896,,0.0
395,ENSG00000165810,BTNL9,0.0
396,ENSG00000144230,GPR17,0.0
397,ENSG00000280323,,0.0
398,ENSG00000277701,,0.0
399,ENSG00000185513,L3MBTL1,0.0
400,ENSG00000204403,CASP12,0.0
401,ENSG00000272916,,0.0
402,ENSG00000139636,LMBR1L,0.0
403,ENSG00000173641,HSPB7,0.0
404,ENSG00000213338,ATF4P1,0.0
405,ENSG00000249258,,0.0
406,ENSG00000186567,CEACAM19,0.0
407,ENSG00000197046,SIGLEC15,0.0
408,ENSG00000109133,TMEM33,0.0
409,ENSG00000279392,,0.0
410,ENSG00000224167,,0.0
411,ENSG00000170049,KCNAB3,0.0
412,ENSG00000165995,CACNB2,0.0
413,ENSG00000107736,CDH23,0.0
414,ENSG00000197816,CCDC180,0.0
415,ENSG00000261616,TTC23-AS1,0.0
416,ENSG00000239665,,0.0
417,ENSG00000243368,MCCC1-AS1,0.0
418,ENSG00000261739,GOLGA8S,0.0
419,ENSG00000154265,ABCA5,0.0
420,ENSG00000159259,CHAF1B,0.0
421,ENSG00000172824,CES4A,0.0
422,ENSG00000256713,PGA5,0.0
423,ENSG00000165490,DDIAS,0.0
424,ENSG00000271009,,0.0
425,ENSG00000131584,ACAP3,0.0
426,ENSG00000080986,NDC80,0.0
427,ENSG00000205746,PKD1P4,0.0
428,ENSG00000162344,FGF19,0.0
429,ENSG00000136842,TMOD1,0.0
430,ENSG00000186439,TRDN,0.0
431,ENSG00000164485,IL22RA2,0.0
432,ENSG00000126953,TIMM8A,0.0
433,ENSG00000245156,,0.0
434,ENSG00000223705,NSUN5P1,0.0
435,ENSG00000268439,,0.0
436,ENSG00000243063,IGKV3-7,0.0
437,ENSG00000242372,EIF6,0.0
438,ENSG00000267724,,0.0
439,ENSG00000168496,FEN1,0.0
440,ENSG00000229246,LINC00377,0.0
441,ENSG00000232814,COL4A2-AS1,0.0
442,ENSG00000213131,YWHAZP4,0.0
443,ENSG00000271075,,0.0
444,ENSG00000141378,PTRH2,0.0
445,ENSG00000240771,ARHGEF25,0.0
446,ENSG00000266993,,0.0
447,ENSG00000259357,CERS2-AS1,0.0
448,ENSG00000152056,AP1S3,0.0
449,ENSG00000248568,KRT8P48,0.0
450,ENSG00000241014,GPR199P,0.0
451,ENSG00000242337,INHCAP,0.0
452,ENSG00000118245,TNP1,0.0
453,ENSG00000183889,NPIPA6,0.0
454,ENSG00000267206,LCN6,0.0
455,ENSG00000102100,SLC35A2,0.0
456,ENSG00000179051,RCC2,0.0
457,ENSG00000267543,,0.0
458,ENSG00000240219,LRRN2-AS1,0.0
459,ENSG00000166405,RIC3,0.0
460,ENSG00000258441,LINC00641,0.0
461,ENSG00000224660,SH3BP5-AS1,0.0
462,ENSG00000125414,MYH2,0.0
463,ENSG00000257379,,0.0
464,ENSG00000278224,PRICKLE4,0.0
465,ENSG00000266980,,0.0
466,ENSG00000270189,,0.0
467,ENSG00000246090,,0.0
468,ENSG00000259972,,0.0
469,ENSG00000161888,SPC24,0.0
470,ENSG00000220785,MTMR9LP,0.0
471,ENSG00000181227,DLSTP1,0.0
472,ENSG00000172037,LAMB2,0.0
473,ENSG00000239213,NCK1-DT,0.0
474,ENSG00000158863,FHIP2B,0.0
475,ENSG00000261556,SMG1P7,0.0
476,ENSG00000230149,,0.0
477,ENSG00000280407,,0.0
478,ENSG00000268942,CKS1BP3,0.0
479,ENSG00000259500,KRT8P24,0.0
480,ENSG00000174407,MIR1-1HG,0.0
481,ENSG00000232630,PRPS1P2,0.0
482,ENSG00000223401,,0.0
483,ENSG00000100307,CBX7,0.0
484,ENSG00000139734,DIAPH3,0.0
485,ENSG00000186166,CENATAC,0.0
486,ENSG00000166851,PLK1,0.0
487,ENSG00000269068,,0.0
488,ENSG00000182109,,0.0
489,ENSG00000270231,NBPF8,0.0
490,ENSG00000146469,VIP,0.0
491,ENSG00000265511,,0.0
492,ENSG00000279246,,0.0
493,ENSG00000187479,C11orf96,0.0
494,ENSG00000248334,WHAMMP2,0.0
495,ENSG00000259407,,0.0
496,ENSG00000198854,KPLCE,0.0
497,ENSG00000254461,,0.0
498,ENSG00000172650,AGAP5,0.0
499,ENSG00000196263,ZNF471,0.0
500,ENSG00000143028,SYPL2,0.0
501,ENSG00000215252,GOLGA8B,0.0
502,ENSG00000074935,TUBE1,0.0
503,ENSG00000264290,,0.0
504,ENSG00000233110,SORBS2-AS1,0.0
505,ENSG00000230224,PHB1P9,0.0
506,ENSG00000239388,ASB14,0.0
507,ENSG00000254995,STX16-NPEPL1,0.0
508,ENSG00000218582,GAPDHP63,0.0
509,ENSG00000235111,,0.0
510,ENSG00000159899,NPR2,0.0
511,ENSG00000224975,INE1,0.0
512,ENSG00000251323,LINC02728,0.0
513,ENSG00000243107,,0.0
514,ENSG00000107147,KCNT1,0.0
515,ENSG00000090975,PITPNM2,0.0
516,ENSG00000214456,PLIN5,0.0
517,ENSG00000214279,SCART1,0.0
518,ENSG00000099365,STX1B,0.0
519,ENSG00000277435,,0.0
520,ENSG00000105339,DENND3,0.0
521,ENSG00000230716,KRT8P7,0.0
522,ENSG00000184786,DYNLT2,0.0
523,ENSG00000075218,GTSE1,0.0
524,ENSG00000100479,POLE2,0.0
525,ENSG00000213186,TRIM59,0.0
526,ENSG00000070388,FGF22,0.0
527,ENSG00000109674,NEIL3,0.0
528,ENSG00000261584,,0.0
529,ENSG00000234290,,0.0
530,ENSG00000267784,,0.0
531,ENSG00000261505,,0.0
532,ENSG00000279833,CBX7-AS1,0.0
533,ENSG00000215302,WHAMMP4,0.0
534,ENSG00000179532,DNHD1,0.0
535,ENSG00000143324,XPR1,0.0
536,ENSG00000225125,RANP4,0.0
537,ENSG00000249476,,0.0
538,ENSG00000204866,IGFL2,0.0
539,ENSG00000240759,RPS27P21,0.0
540,ENSG00000172531,PPP1CA,0.0
541,ENSG00000245849,RAD51-AS1,0.0
542,ENSG00000274272,,0.0
543,ENSG00000177990,DPY19L2,0.0
544,ENSG00000166428,PLD4,0.0
545,ENSG00000237594,TIAM1-AS1,0.0
546,ENSG00000175084,DES,0.0
547,ENSG00000196616,ADH1B,0.0
548,ENSG00000280239,,0.0
549,ENSG00000266835,GAPLINC,0.0
550,ENSG00000278784,,0.0
551,ENSG00000203392,,0.0
552,ENSG00000228716,DHFR,0.0
553,ENSG00000162063,CCNF,0.0
554,ENSG00000188599,NPIPP1,0.0
555,ENSG00000035499,DEPDC1B,0.0
556,ENSG00000165474,GJB2,0.0
557,ENSG00000214135,SDHAP4,0.0
558,ENSG00000277288,LINC02881,0.0
559,ENSG00000274893,,0.0
560,ENSG00000154803,FLCN,0.0
561,ENSG00000197587,DMBX1,0.0
562,ENSG00000178146,GK4P,0.0
563,ENSG00000242060,RPS3AP49,0.0
564,ENSG00000247157,LINC01252,0.0
565,ENSG00000168010,ATG16L2,0.0
566,ENSG00000166432,ZMAT1,0.0
567,ENSG00000196584,XRCC2,0.0
568,ENSG00000189057,FAM111B,0.0
569,ENSG00000247627,MTND4P12,0.0
570,ENSG00000077522,ACTN2,0.0
571,ENSG00000235703,EOLA2-DT,0.0
572,ENSG00000171848,RRM2,0.0
573,ENSG00000260306,,0.0
574,ENSG00000087502,ERGIC2,0.0
575,ENSG00000236991,EDRF1-AS1,0.0
576,ENSG00000121310,ECHDC2,0.0
577,ENSG00000197766,CFD,0.0
578,ENSG00000272054,,0.0
579,ENSG00000105647,PIK3R2,0.0
580,ENSG00000233892,PAIP1P1,0.0
581,ENSG00000173991,TCAP,0.0
582,ENSG00000265678,,0.0
583,ENSG00000251661,IFITM3-AS1,0.0
584,ENSG00000172995,ARPP21,0.0
585,ENSG00000279716,,0.0
586,ENSG00000139131,YARS2,0.0
587,ENSG00000180902,D2HGDH,0.0
588,ENSG00000235493,LINC01967,0.0
589,ENSG00000223403,MEG9,0.0
590,ENSG00000183458,PKD1P3,0.0
591,ENSG00000102878,HSF4,0.0
592,ENSG00000163833,FBXO40,0.0
593,ENSG00000273373,,0.0
594,ENSG00000173175,ADCY5,0.0
595,ENSG00000184113,CLDN5,0.0
596,ENSG00000123219,CENPK,0.0
597,ENSG00000226416,MRPL23-AS1,0.0
598,ENSG00000249149,,0.0
599,ENSG00000162572,SCNN1D,0.0
600,ENSG00000270580,,0.0
601,ENSG00000167904,TMEM68,0.0
602,ENSG00000156920,ADGRG4,0.0
603,ENSG00000128039,SRD5A3,0.0
604,ENSG00000167900,TK1,0.0
605,ENSG00000109906,ZBTB16,0.0
606,ENSG00000013441,CLK1,0.0
607,ENSG00000172403,SYNPO2,0.0
608,ENSG00000269352,PTOV1-AS2,0.0
609,ENSG00000164885,CDK5,0.0
610,ENSG00000235875,ARHGEF7-AS2,0.0
611,ENSG00000273291,,0.0
612,ENSG00000279344,,0.0
613,ENSG00000262061,RPH3AL-AS1,0.0
614,ENSG00000262075,DKFZP434A062,0.0
615,ENSG00000229970,,0.0
616,ENSG00000279456,,0.0
617,ENSG00000124766,SOX4,0.0
618,ENSG00000267342,,0.0
619,ENSG00000273983,H3C8,0.0
620,ENSG00000261240,,0.0
621,ENSG00000143867,OSR1,0.0
622,ENSG00000161180,CCDC116,0.0
623,ENSG00000197774,EME2,0.0
624,ENSG00000142303,ADAMTS10,0.0
625,ENSG00000214140,PRCD,0.0
626,ENSG00000175564,UCP3,0.0
627,ENSG00000168079,SCARA5,0.0
628,ENSG00000161649,CD300LG,0.0
629,ENSG00000227741,PEA15-AS1,0.0
630,ENSG00000142684,ZNF593,0.0
631,ENSG00000273771,,0.0
632,ENSG00000227467,LINC01537,0.0
633,ENSG00000251348,HSPD1P11,0.0
634,ENSG00000172346,CSDC2,0.0
635,ENSG00000066279,ASPM,0.0
636,ENSG00000124783,SSR1,0.0
637,ENSG00000278600,,0.0
638,ENSG00000147044,CASK,0.0
639,ENSG00000267082,DOCK6-AS1,0.0
640,ENSG00000010030,ETV7,0.0
641,ENSG00000020256,ZFP64,0.0
642,ENSG00000220157,HNRNPA1P12,0.0
643,ENSG00000223374,,0.0
644,ENSG00000280039,RN7SKP23,0.0
645,ENSG00000162073,PAQR4,0.0
646,ENSG00000196123,MATCAP1,0.0
647,ENSG00000260735,,0.0
648,ENSG00000226706,,0.0
649,ENSG00000244056,RN7SL417P,0.0
650,ENSG00000234513,,0.0
651,ENSG00000158445,KCNB1,0.0
652,ENSG00000215835,EWSR1P1,0.0
653,ENSG00000279010,,0.0
654,ENSG00000213366,GSTM2,0.0
655,ENSG00000168925,CTRB1,0.0
656,ENSG00000169085,VXN,0.0
657,ENSG00000275454,,0.0
658,ENSG00000241468,ATP5MF,0.0
659,ENSG00000138834,MAPK8IP3,0.0
660,ENSG00000203685,STUM,0.0
661,ENSG00000090889,KIF4A,0.0
662,ENSG00000011426,ANLN,0.0
663,ENSG00000223509,WHAMMP1,0.0
664,ENSG00000151239,TWF1,0.0
665,ENSG00000276409,CCL14,0.0
666,ENSG00000217325,PRELID1P1,0.0
667,ENSG00000104951,IL4I1,0.0
668,ENSG00000269570,,0.0
669,ENSG00000280061,,0.0
670,ENSG00000272849,,0.0
671,ENSG00000266820,KPNA2P3,0.0
672,ENSG00000254419,,0.0
673,ENSG00000091317,CMTM6,0.0
674,ENSG00000214961,NT5DC1P2,0.0
675,ENSG00000229180,RABGEF1P1,0.0
676,ENSG00000197472,ZNF695,0.0
677,ENSG00000115884,SDC1,0.0
678,ENSG00000254966,IGSF22-AS1,0.0
679,ENSG00000146386,ABRACL,0.0
680,ENSG00000244257,PKD1P1,0.0
681,ENSG00000229152,ANKRD10-IT1,0.0
682,ENSG00000261067,,0.0
683,ENSG00000247679,,0.0
684,ENSG00000224431,,0.0
685,ENSG00000126709,IFI6,0.0
686,ENSG00000241111,PRICKLE2-AS1,0.0
687,ENSG00000164344,KLKB1,0.0
688,ENSG00000137504,CREBZF,0.0
689,ENSG00000236017,ASMTL-AS1,0.0
690,ENSG00000224086,PPM1F-AS1,0.0
691,ENSG00000266524,GDF10,0.0
692,ENSG00000261460,CELF6-AS1,0.0
693,ENSG00000272958,,0.0
694,ENSG00000248734,,0.0
695,ENSG00000270589,,0.0
696,ENSG00000237991,RPL35P1,0.0
697,ENSG00000259264,,0.0
698,ENSG00000183161,FANCF,0.0
699,ENSG00000067445,TRO,0.0
700,ENSG00000276710,CSPG4P10,0.0
701,ENSG00000228703,AMPD2-AS1,0.0
702,ENSG00000235016,SEMA3F-AS1,0.0
703,ENSG00000243716,NPIPB5,0.0
704,ENSG00000232057,MYT1L-AS2,0.0
705,ENSG00000279488,,0.0
706,ENSG00000147437,GNRH1,0.0
707,ENSG00000225880,LINC00115,0.0
708,ENSG00000282221,,0.0
709,ENSG00000234906,APOC2,0.0
710,ENSG00000182511,FES,0.0
711,ENSG00000185689,TEX56P,0.0
712,ENSG00000235370,DNM1P51,0.0
713,ENSG00000113240,CLK4,0.0
714,ENSG00000196696,PDXDC2P-NPIPB14P,0.0
715,ENSG00000235033,DAAM2-AS1,0.0
716,ENSG00000205221,VIT,0.0
717,ENSG00000158815,FGF17,0.0
718,ENSG00000267387,,0.0
719,ENSG00000180383,DEFB124,0.0
720,ENSG00000148773,MKI67,0.0
721,ENSG00000117632,STMN1,0.0
722,ENSG00000182230,,0.0
723,ENSG00000124593,,0.0
724,ENSG00000214192,UBE2V1P2,0.0
725,ENSG00000277715,,0.0
726,ENSG00000167618,LAIR2,0.0
727,ENSG00000274925,ZKSCAN2-DT,0.0
728,ENSG00000234353,,0.0
729,ENSG00000263345,SGSM2-AS1,0.0
730,ENSG00000206530,CFAP44,0.0
731,ENSG00000203801,LINC00222,0.0
732,ENSG00000158402,CDC25C,0.0
733,ENSG00000268189,,0.0
734,ENSG00000239474,KLHL41,0.0
735,ENSG00000111640,GAPDH,0.0
736,ENSG00000278959,,0.0
737,ENSG00000234645,YWHAEP5,0.0
738,ENSG00000236871,LINC00106,0.0
739,ENSG00000228315,GUSBP11,0.0
740,ENSG00000128059,PPAT,0.0
741,ENSG00000119969,HELLS,0.0
742,ENSG00000260920,,0.0
743,ENSG00000271032,,0.0
744,ENSG00000229657,RPL13AP11,0.0
745,ENSG00000262528,,0.0
746,ENSG00000103647,CORO2B,0.0
747,ENSG00000215199,YWHAZP6,0.0
748,ENSG00000105464,GRIN2D,0.0
749,ENSG00000118785,SPP1,0.0
750,ENSG00000258947,TUBB3,0.0
751,ENSG00000116754,SRSF11,0.0
752,ENSG00000222032,,0.0
753,ENSG00000261054,SYNM-AS2,0.0
754,ENSG00000259462,CPEB1-AS1,0.0
755,ENSG00000184206,GOLGA6L4,0.0
756,ENSG00000235776,RPL7AP70,0.0
757,ENSG00000180660,MAB21L1,0.0
758,ENSG00000272316,,0.0
759,ENSG00000147588,PMP2,0.0
760,ENSG00000248988,PSME2P3,0.0
761,ENSG00000123485,HJURP,0.0
762,ENSG00000273253,TRABD-AS1,0.0
763,ENSG00000101057,MYBL2,0.0
764,ENSG00000230565,,0.0
765,ENSG00000145029,NICN1,0.0
766,ENSG00000072163,LIMS2,0.0
767,ENSG00000106018,VIPR2,0.0
768,ENSG00000259820,,0.0
769,ENSG00000253230,MIR124-1HG,0.0
770,ENSG00000234420,ZNF37BP,0.0
771,ENSG00000168874,ATOH8,0.0
772,ENSG00000279520,,0.0
773,ENSG00000159761,C16orf86,0.0
774,ENSG00000226029,LINC01772,0.0
775,ENSG00000004776,HSPB6,0.0
776,ENSG00000278371,,0.0
777,ENSG00000266896,,0.0
778,ENSG00000123975,CKS2,0.0
779,ENSG00000239719,,0.0
780,ENSG00000068976,PYGM,0.0
781,ENSG00000274403,,0.0
782,ENSG00000250978,,0.0
783,ENSG00000142945,KIF2C,0.0
784,ENSG00000280927,CTBP1-AS,0.0
785,ENSG00000225338,RPL23AP18,0.0
786,ENSG00000280073,,0.0
787,ENSG00000229186,ADAM1A,0.0
788,ENSG00000262903,CTNS-AS1,0.0
789,ENSG00000269926,,0.0
790,ENSG00000135298,ADGRB3,0.0
791,ENSG00000070610,GBA2,0.0
792,ENSG00000261061,,0.0
793,ENSG00000131386,GALNT15,0.0
794,ENSG00000205790,DPP9-AS1,0.0
795,ENSG00000179094,PER1,0.0
796,ENSG00000187922,LCN10,0.0
797,ENSG00000268218,,0.0
798,ENSG00000196878,LAMB3,0.0
799,ENSG00000281691,RBM5-AS1,0.0
800,ENSG00000130487,KLHDC7B,0.0
801,ENSG00000077348,EXOSC5,0.0
802,ENSG00000236768,RPL17P16,0.0
803,ENSG00000258461,,0.0
804,ENSG00000104888,SLC17A7,0.0
805,ENSG00000276724,,0.0
806,ENSG00000273136,NBPF26,0.0
807,ENSG00000182685,BRICD5,0.0
808,ENSG00000204071,TCEAL6,0.0
809,ENSG00000279619,,0.0
810,ENSG00000259244,,0.0
811,ENSG00000171819,ANGPTL7,0.0
812,ENSG00000108405,P2RX1,0.0
813,ENSG00000182263,FIGN,0.0
814,ENSG00000246922,UBAP1L,0.0
815,ENSG00000168333,PPDPFL,0.0
816,ENSG00000238035,,0.0
817,ENSG00000163516,ANKZF1,0.0
818,ENSG00000213281,NRAS,0.0
819,ENSG00000137547,MRPL15,0.0
820,ENSG00000124615,MOCS1,0.0
821,ENSG00000225032,,0.0
822,ENSG00000112214,FHL5,0.0
823,ENSG00000186810,CXCR3,0.0
824,ENSG00000261215,,0.0
825,ENSG00000162526,TSSK3,0.0
826,ENSG00000266964,FXYD1,0.0
827,ENSG00000254852,NPIPA2,0.0
828,ENSG00000076555,ACACB,0.0
829,ENSG00000203709,MIR29B2CHG,0.0
830,ENSG00000281195,,0.0
831,ENSG00000137812,KNL1,0.0
832,ENSG00000113108,APBB3,0.0
833,ENSG00000145386,CCNA2,0.0
834,ENSG00000132646,PCNA,0.0
835,ENSG00000276043,UHRF1,0.0
836,ENSG00000071539,TRIP13,0.0
837,ENSG00000152117,SMPD4BP,0.0
838,ENSG00000234933,CDC42P1,0.0
839,ENSG00000145075,,0.0
840,ENSG00000240731,,0.0
841,ENSG00000269608,OSTCP3,0.0
842,ENSG00000231721,LINC-PINT,0.0
843,ENSG00000135424,ITGA7,0.0
844,ENSG00000062038,CDH3,0.0
845,ENSG00000168393,DTYMK,0.0
846,ENSG00000169612,RAMAC,0.0
847,ENSG00000265415,PRR11-AS1,0.0
848,ENSG00000120756,PLS1,0.0
849,ENSG00000129173,E2F8,0.0
850,ENSG00000164530,PI16,0.0
851,ENSG00000226239,CCM2L-AS1,0.0
852,ENSG00000226167,AP4B1-AS1,0.0
853,ENSG00000138160,KIF11,0.0
854,ENSG00000267650,,0.0
855,ENSG00000280046,,0.0
856,ENSG00000236882,LINC01554,0.0
857,ENSG00000168528,SERINC2,0.0
858,ENSG00000253764,KBTBD11-AS1,0.0
859,ENSG00000244945,RUFY1-AS1,0.0
860,ENSG00000278434,,0.0
861,ENSG00000259726,CSPG4P11,0.0
862,ENSG00000237298,TTN-AS1,0.0
863,ENSG00000232679,LINC01705,0.0
864,ENSG00000279182,,0.0
865,ENSG00000115233,PSMD14,0.0
866,ENSG00000122952,ZWINT,0.0
867,ENSG00000278771,RN7SL3,0.0
868,ENSG00000146067,FAM193B,0.0
869,ENSG00000111886,GABRR2,0.0
870,ENSG00000174371,EXO1,0.0
871,ENSG00000255455,,0.0
872,ENSG00000248329,APELA,0.0
873,ENSG00000260672,,0.0
874,ENSG00000154330,PGM5,0.0
875,ENSG00000106367,AP1S1,0.0
876,ENSG00000121454,LHX4,0.0
877,ENSG00000143590,EFNA3,0.0
878,ENSG00000227543,SPAG5-AS1,0.0
879,ENSG00000011021,CLCN6,0.0
880,ENSG00000279926,,0.0
881,ENSG00000279050,PWAR1,0.0
882,ENSG00000235316,DUSP8P5,0.0
883,ENSG00000279821,,0.0
884,ENSG00000170421,KRT8,0.0
885,ENSG00000251322,SHANK3,0.0
886,ENSG00000260565,ERVK13-1,0.0
887,ENSG00000229436,,0.0
888,ENSG00000223855,PDGFA-DT,0.0
889,ENSG00000188783,PRELP,0.0
890,ENSG00000181997,AQP7P2,0.0
891,ENSG00000260296,,0.0
892,ENSG00000189398,OR7E12P,0.0
893,ENSG00000229036,VDAC1P8,0.0
894,ENSG00000138379,MSTN,0.0
895,ENSG00000134884,ARGLU1,0.0
896,ENSG00000188486,H2AX,0.0
897,ENSG00000161835,TAMALIN,0.0
898,ENSG00000196295,GARS1-DT,0.0
899,ENSG00000235555,SUMO1P4,0.0
900,ENSG00000162438,CTRC,0.0
901,ENSG00000213178,RPL22P1,0.0
902,ENSG00000125503,PPP1R12C,0.0
903,ENSG00000167995,BEST1,0.0
904,ENSG00000271553,,0.0
905,ENSG00000154978,VOPP1,0.0
906,ENSG00000111331,OAS3,0.0
907,ENSG00000109046,WSB1,0.0
908,ENSG00000111335,OAS2,0.0
909,ENSG00000239704,CDRT4,0.0
910,ENSG00000155511,GRIA1,0.0
911,ENSG00000274565,,0.0
912,ENSG00000281207,SLFNL1-AS1,0.0
913,ENSG00000250764,,0.0
914,ENSG00000117215,PLA2G2D,0.0
915,ENSG00000165837,ERICH6B,0.0
916,ENSG00000258676,,0.0
917,ENSG00000091704,CPA1,0.0
918,ENSG00000271959,,0.0
919,ENSG00000185414,MRPL30,0.0
920,ENSG00000239653,PSMD6-AS2,0.0
921,ENSG00000234389,,0.0
922,ENSG00000260563,,0.0
923,ENSG00000158805,ZNF276,0.0
924,ENSG00000120659,TNFSF11,0.0
925,ENSG00000165495,PKNOX2,0.0
926,ENSG00000247077,PGAM5,0.0
927,ENSG00000143476,DTL,0.0
928,ENSG00000180139,ACTA2-AS1,0.0
929,ENSG00000240303,ACAD11,0.0
930,ENSG00000261326,LINC01355,0.0
931,ENSG00000273448,,0.0
932,ENSG00000244560,,0.0
933,ENSG00000232903,LINC01166,0.0
934,ENSG00000167196,FBXO22,0.0
935,ENSG00000280067,,0.0
936,ENSG00000247809,NR2F2-AS1,0.0
937,ENSG00000185031,SLC2A3P2,0.0
938,ENSG00000272752,STAG3L5P-PVRIG2P-PILRB,0.0
939,ENSG00000166451,CENPN,0.0
940,ENSG00000260837,,0.0
941,ENSG00000246022,ALDH1L1-AS2,0.0
942,ENSG00000225077,ICMT-DT,0.0
943,ENSG00000146670,CDCA5,0.0
944,ENSG00000187961,KLHL17,0.0
945,ENSG00000151303,,0.0
946,ENSG00000229183,PGA4,0.0
947,ENSG00000180422,LINC00304,0.0
948,ENSG00000130948,HSD17B3,0.0
949,ENSG00000163092,XIRP2,0.0
950,ENSG00000261821,,0.0
951,ENSG00000272918,,0.0
952,ENSG00000229127,KANSL1L-AS1,0.0
953,ENSG00000162757,C1orf74,0.0
954,ENSG00000244363,RPL7P23,0.0
955,ENSG00000226891,LINC01359,0.0
956,ENSG00000242208,RPL5P29,0.0
957,ENSG00000110888,CAPRIN2,0.0
958,ENSG00000180992,MRPL14,0.0
959,ENSG00000277767,,0.0
960,ENSG00000280537,,0.0
961,ENSG00000015475,BID,0.0
962,ENSG00000270060,,0.0
963,ENSG00000261011,AGAP11,0.0
964,ENSG00000181016,LSMEM1,0.0
965,ENSG00000182481,KPNA2,0.0
966,ENSG00000157119,KLHL40,0.0
967,ENSG00000170540,ARL6IP1,0.0
968,ENSG00000189129,PLAC9,0.0
969,ENSG00000272084,,0.0
970,ENSG00000215769,ARHGAP27P1-BPTFP1-KPNA2P3,0.0
971,ENSG00000101003,GINS1,0.0
972,ENSG00000099840,IZUMO4,0.0
973,ENSG00000272374,SCUBE3-AS1,0.0
974,ENSG00000276070,CCL4L2,0.0
975,ENSG00000271141,,0.0
976,ENSG00000275807,,0.0
977,ENSG00000244161,FLNB-AS1,0.0
978,ENSG00000256500,,0.0
979,ENSG00000165304,MELK,0.0
980,ENSG00000236849,LINC01474,0.0
981,ENSG00000280012,RPL23AP61,0.0
982,ENSG00000205959,,0.0
983,ENSG00000255479,,0.0
984,ENSG00000090539,CHRD,0.0
985,ENSG00000156042,CFAP70,0.0
986,ENSG00000184811,TRARG1,0.0
987,ENSG00000260977,,0.0
988,ENSG00000183856,IQGAP3,0.0
989,ENSG00000154734,ADAMTS1,0.0
990,ENSG00000228302,,0.0
991,ENSG00000111664,GNB3,0.0
992,ENSG00000259562,,0.0
993,ENSG00000230409,TCEA1P2,0.0
994,ENSG00000230415,LINC01786,0.0
995,ENSG00000111206,FOXM1,0.0
996,ENSG00000203782,LORICRIN,0.0
997,ENSG00000244301,AOX3P,0.0
998,ENSG00000187066,CATSPERH,0.0
999,ENSG00000118432,CNR1,0.0
1000,ENSG00000127952,STYXL1,0.0
1001,ENSG00000176890,TYMS,0.0
1002,ENSG00000279807,,0.0
1003,ENSG00000279245,FAM223A,0.0
1004,ENSG00000175567,UCP2,0.0
1005,ENSG00000261247,GOLGA8T,0.0
1006,ENSG00000276550,HERC2P2,0.0
1007,ENSG00000272887,CSPG4P5,0.0
1008,ENSG00000248881,,0.0
1009,ENSG00000049768,FOXP3,0.0
1010,ENSG00000224557,HLA-DPB2,0.0
1011,ENSG00000277737,,0.0
1012,ENSG00000154258,ABCA9,0.0
1013,ENSG00000259683,,0.0
1014,ENSG00000072571,HMMR,0.0
1015,ENSG00000263272,,0.0
1016,ENSG00000242294,STAG3L5P,0.0
1017,ENSG00000149577,SIDT2,0.0
1018,ENSG00000144031,ANKRD53,0.0
1019,ENSG00000205018,,0.0
1020,ENSG00000135451,TROAP,0.0
1021,ENSG00000263164,,0.0
1022,ENSG00000260618,,0.0
1023,ENSG00000080166,DCT,0.0
1024,ENSG00000274105,,0.0
1025,ENSG00000255423,EBLN2,0.0
1026,ENSG00000145247,OCIAD2,0.0
1027,ENSG00000167088,SNRPD1,0.0
1028,ENSG00000269486,ERVK9-11,0.0
1029,ENSG00000168530,MYL1,0.0
1030,ENSG00000138722,MMRN1,0.0
1031,ENSG00000242282,,0.0
1032,ENSG00000250251,PKD1P6,0.0
1033,ENSG00000204149,AGAP6,0.0
1034,ENSG00000186994,KANK3,0.0
1035,ENSG00000175874,CREG2,0.0
1036,ENSG00000237125,HAND2-AS1,0.0
1037,ENSG00000269028,,0.0
1038,ENSG00000135502,SLC26A10P,0.0
1039,ENSG00000276107,THBS1-IT1,0.0
1040,ENSG00000265298,,0.0
1041,ENSG00000137070,IL11RA,0.0
1042,ENSG00000279518,,0.0
1043,ENSG00000237161,,0.0
1044,ENSG00000270419,CAHM,0.0
1045,ENSG00000129235,TXNDC17,0.0
1046,ENSG00000273188,,0.0
1047,ENSG00000005379,TSPOAP1,0.0
1048,ENSG00000280758,,0.0
1049,ENSG00000254560,BBOX1-AS1,0.0
1050,ENSG00000278023,RDM1,0.0
1051,ENSG00000213036,AP3S1P2,0.0
1052,ENSG00000231628,PREP-AS1,0.0
1053,ENSG00000108375,RNF43,0.0
1054,ENSG00000269930,,0.0
1055,ENSG00000225591,RPS27P7,0.0
1056,ENSG00000235847,LDHAP7,0.0
1057,ENSG00000128050,PAICS,0.0
1058,ENSG00000169418,NPR1,0.0
1059,ENSG00000197978,GOLGA6L9,0.0
1060,ENSG00000223612,VOPP2P,0.0
1061,ENSG00000165244,ZNF367,0.0
1062,ENSG00000250067,YJEFN3,0.0
1063,ENSG00000267096,,0.0
1064,ENSG00000230373,GOLGA6L5P,0.0
1065,ENSG00000163239,TDRD10,0.0
1066,ENSG00000165891,E2F7,0.0
1067,ENSG00000277152,,0.0
1068,ENSG00000277007,,0.0
1069,ENSG00000240288,GHRLOS,0.0
1070,ENSG00000243708,PLA2G4B,0.0
1071,ENSG00000259921,,0.0
1072,ENSG00000145354,CISD2,0.0
1073,ENSG00000269956,MKNK1-AS1,0.0
1074,ENSG00000275149,,0.0
1075,ENSG00000189159,JPT1,0.0
1076,ENSG00000114491,UMPS,0.0
1077,ENSG00000100526,CDKN3,0.0
1078,ENSG00000154529,CNTNAP3B,0.0
1079,ENSG00000147614,ATP6V0D2,0.0
1080,ENSG00000242267,SKINT1L,0.0
1081,ENSG00000261351,,0.0
1082,ENSG00000151725,CENPU,0.0
1083,ENSG00000197580,BCO2,0.0
1084,ENSG00000120334,CENPL,0.0
1085,ENSG00000138356,AOX1,0.0
1086,ENSG00000213553,RPLP0P6,0.0
1087,ENSG00000260005,TEPSIN-AS1,0.0
1088,ENSG00000118729,CASQ2,0.0
1089,ENSG00000223745,CCDC18-AS1,0.0
1090,ENSG00000272508,,0.0
1091,ENSG00000109771,LRP2BP,0.0
1092,ENSG00000213199,ASIC3,0.0
1093,ENSG00000161634,DCD,0.0
1094,ENSG00000069702,TGFBR3,0.0
1095,ENSG00000250397,,0.0
1096,ENSG00000241158,ADAMTS9-AS1,0.0
1097,ENSG00000279278,,0.0
1098,ENSG00000255201,,0.0
1099,ENSG00000255750,,0.0
1100,ENSG00000279649,,0.0
1101,ENSG00000173890,GPR160,0.0
1102,ENSG00000248873,SERBP1P6,0.0
1103,ENSG00000137745,MMP13,0.0
1104,ENSG00000270055,,0.0
1105,ENSG00000279041,,0.0
1106,ENSG00000232931,LINC00342,0.0
1107,ENSG00000108963,DPH1,0.0
1108,ENSG00000101280,ANGPT4,0.0
1109,ENSG00000279274,,0.0
1110,ENSG00000051180,RAD51,0.0
1111,ENSG00000264176,MAGOH2P,0.0
1112,ENSG00000022267,FHL1,0.0
1113,ENSG00000276259,,0.0
1114,ENSG00000101938,CHRDL1,0.0
1115,ENSG00000271699,SNX29P2,0.0
1116,ENSG00000150627,WDR17,0.0
1117,ENSG00000170369,CST2,0.0
1118,ENSG00000231249,ITPR1-DT,0.0
1119,ENSG00000279159,,0.0
1120,ENSG00000182376,PIEZO1-AS1,0.0
1121,ENSG00000273137,SELENOO-AS1,0.0
1122,ENSG00000255837,TAS2R20,0.0
1123,ENSG00000077009,NMRK2,0.0
1124,ENSG00000182333,LIPF,0.0
1125,ENSG00000231154,MORF4L2-AS1,0.0
1126,ENSG00000104957,YJU2B,0.0
1127,ENSG00000142731,PLK4,0.0
1128,ENSG00000279312,,0.0
1129,ENSG00000231609,EHBP1-AS1,0.0
1130,ENSG00000140400,MAN2C1,0.0
1131,ENSG00000259298,,0.0
1132,ENSG00000277494,GPIHBP1,0.0
1133,ENSG00000116771,AGMAT,0.0
1134,ENSG00000187021,PNLIPRP1,0.0
1135,ENSG00000239246,,0.0
1136,ENSG00000237669,,0.0
1137,ENSG00000089127,OAS1,0.0
1138,ENSG00000248019,FAM13A-AS1,0.0
1139,ENSG00000250334,LINC00989,0.0
1140,ENSG00000112936,C7,0.0
1141,ENSG00000240240,,0.0
1142,ENSG00000168928,CTRB2,0.0
1143,ENSG00000122367,LDB3,0.0
1144,ENSG00000155657,TTN,0.0
1145,ENSG00000100146,SOX10,0.0
1146,ENSG00000120907,ADRA1A,0.0
1147,ENSG00000267374,MIR924HG,0.0
1148,ENSG00000278875,,0.0
1149,ENSG00000196569,LAMA2,0.0
1150,ENSG00000267143,,0.0
1151,ENSG00000166091,CMTM5,0.0
1152,ENSG00000171017,LRRC8E,0.0
1153,ENSG00000137804,NUSAP1,0.0
1154,ENSG00000106631,MYL7,0.0
1155,ENSG00000120729,MYOT,0.0
1156,ENSG00000240854,PSMC2P1,0.0
1157,ENSG00000260729,,0.0
1158,ENSG00000143183,TMCO1,0.0
1159,ENSG00000279873,LINC01126,0.0
1160,ENSG00000223947,,0.0
1161,ENSG00000237940,,0.0
1162,ENSG00000170807,LMOD2,0.0
1163,ENSG00000279569,,0.0
1164,ENSG00000247982,LINC00926,0.0
1165,ENSG00000213139,CRYGS,0.0
1166,ENSG00000196565,HBG2,0.0
1167,ENSG00000105976,MET,0.0
1168,ENSG00000166402,TUB,0.0
1169,ENSG00000274602,PI4KAP1,0.0
1170,ENSG00000280063,,0.0
1171,ENSG00000231711,LINC00899,0.0
1172,ENSG00000259515,CDC42BPB-AS1,0.0
1173,ENSG00000228071,RPL7P47,0.0
1174,ENSG00000279161,,0.0
1175,ENSG00000184682,,0.0
1176,ENSG00000168309,FAM107A,0.0
1177,ENSG00000004534,RBM6,0.0
1178,ENSG00000268069,,0.0
1179,ENSG00000133624,ZNF767P,0.0
1180,ENSG00000169660,HEXD,0.0
1181,ENSG00000272720,,0.0
1182,ENSG00000183171,NOL11P1,0.0
1183,ENSG00000104341,LAPTM4B,0.0
1184,ENSG00000206344,HCG27,0.0
1185,ENSG00000183506,PI4KAP2,0.0
1186,ENSG00000129946,SHC2,0.0
1187,ENSG00000161265,U2AF1L4,0.0
1188,ENSG00000214362,RPS3AP36,0.0
1189,ENSG00000254876,SUGT1P4-STRA6LP,0.0
1190,ENSG00000137941,TTLL7,0.0
1191,ENSG00000184905,TCEAL2,0.0
1192,ENSG00000231768,LINC01354,0.0
1193,ENSG00000157456,CCNB2,0.0
1194,ENSG00000198400,NTRK1,0.0
1195,ENSG00000279940,,0.0
1196,ENSG00000154832,CXXC1,0.0
1197,ENSG00000188549,CCDC9B,0.0
1198,ENSG00000187824,TMEM220,0.0
1199,ENSG00000206047,DEFA1,0.0
1200,ENSG00000237212,,0.0
1201,ENSG00000244055,,0.0
1202,ENSG00000272734,ADIRF-AS1,0.0
1203,ENSG00000116030,SUMO1,0.0
1204,ENSG00000198826,ARHGAP11A,0.0
1205,ENSG00000156802,ATAD2,0.0
1206,ENSG00000225194,LINC00092,0.0
1207,ENSG00000243592,RPL17P22,0.0
1208,ENSG00000231875,,0.0
1209,ENSG00000147434,CHRNA6,0.0
1210,ENSG00000170312,CDK1,0.0
1211,ENSG00000169248,CXCL11,0.0
1212,ENSG00000270460,,0.0
1213,ENSG00000235373,,0.0
1214,ENSG00000261663,ECI1-AS1,0.0
1215,ENSG00000103550,KNOP1,0.0
1216,ENSG00000141682,PMAIP1,0.0
1217,ENSG00000011052,NME1-NME2,0.0
1218,ENSG00000197616,MYH6,0.0
1219,ENSG00000134690,CDCA8,0.0
1220,ENSG00000241431,RPL37P6,0.0
1221,ENSG00000129195,PIMREG,0.0
1222,ENSG00000051596,THOC3,0.0
1223,ENSG00000250490,LINC02145,0.0
1224,ENSG00000234617,SNRK-AS1,0.0
1225,ENSG00000181649,PHLDA2,0.0
1226,ENSG00000275152,CCL16,0.0
1227,ENSG00000240045,STRIT1,0.0
1228,ENSG00000278206,,0.0
1229,ENSG00000279019,,0.0
1230,ENSG00000272836,,0.0
1231,ENSG00000239975,IGKV1D-33,0.0
1232,ENSG00000117593,DARS2,0.0
1233,ENSG00000171320,ESCO2,0.0
1234,ENSG00000245532,NEAT1,0.0
1235,ENSG00000224137,LINC01857,0.0
1236,ENSG00000160961,ZNF333,0.0
1237,ENSG00000250959,GLUD1P3,0.0
1238,ENSG00000249193,HSPD1P5,0.0
1239,ENSG00000279894,,0.0
1240,ENSG00000249669,CARMN,0.0
1241,ENSG00000136108,CKAP2,0.0
1242,ENSG00000108799,EZH1,0.0
1243,ENSG00000124217,MOCS3,0.0
1244,ENSG00000175967,LINC02880,0.0
1245,ENSG00000244538,RPS27P13,0.0
1246,ENSG00000113368,LMNB1,0.0
1247,ENSG00000250966,H3P14,0.0
1248,ENSG00000189134,NKAPL,0.0
1249,ENSG00000124440,HIF3A,0.0
1250,ENSG00000257681,STAB2-AS1,0.0
1251,ENSG00000189292,ALKAL2,0.0
1252,ENSG00000164251,F2RL1,0.0
1253,ENSG00000261366,MANEA-DT,0.0
1254,ENSG00000198624,CCDC69,0.0
1255,ENSG00000169607,CKAP2L,0.0
1256,ENSG00000272983,,0.0
1257,ENSG00000110455,ACCS,0.0
1258,ENSG00000171492,LRRC8D,0.0
1259,ENSG00000092853,CLSPN,0.0
1260,ENSG00000198626,RYR2,0.0
1261,ENSG00000251034,,0.0
1262,ENSG00000224958,PGM5-AS1,0.0
1263,ENSG00000004799,PDK4,0.0
1264,ENSG00000262370,,0.0
1265,ENSG00000213260,YWHAZP5,0.0
1266,ENSG00000167280,ENGASE,0.0
1267,ENSG00000235563,,0.0
1268,ENSG00000091536,MYO15A,0.0
1269,ENSG00000197599,CCDC154,0.0
1270,ENSG00000272573,MUSTN1,0.0
1271,ENSG00000184441,,0.0
1272,ENSG00000167600,CYP2S1,0.0
1273,ENSG00000277561,GOLGA8IP,0.0
1274,ENSG00000003756,RBM5,0.0
1275,ENSG00000273148,LCDR,0.0
1276,ENSG00000205678,TECRL,0.0
1277,ENSG00000254206,NPIPB11,0.0
1278,ENSG00000271382,,0.0
1279,ENSG00000275131,PDE4DIPP2,0.0
1280,ENSG00000228242,XPC-AS1,0.0
1281,ENSG00000279088,,0.0
1282,ENSG00000181092,ADIPOQ,0.0
1283,ENSG00000167281,RBFOX3,0.0
1284,ENSG00000114841,DNAH1,0.0
1285,ENSG00000172172,MRPL13,0.0
1286,ENSG00000153044,CENPH,0.0
1287,ENSG00000276337,,0.0
1288,ENSG00000260051,CLCN7-AS1,0.0
1289,ENSG00000213790,OLA1P1,0.0
1290,ENSG00000184205,TSPYL2,0.0
1291,ENSG00000197813,,0.0
1292,ENSG00000281189,GHET1,0.0
1293,ENSG00000166343,MSS51,0.0
1294,ENSG00000182796,TMEM198B,0.0
1295,ENSG00000110492,MDK,0.0
1296,ENSG00000223561,LINC03007,0.0
1297,ENSG00000226327,RPSAP49,0.0
1298,ENSG00000280259,,0.0
1299,ENSG00000183395,PMCH,0.0
1300,ENSG00000197558,SSPOP,0.0
1301,ENSG00000152779,SLC16A12,0.0
1302,ENSG00000170074,FAM153A,0.0
1303,ENSG00000205940,HSP90AB2P,0.0
1304,ENSG00000224712,NPIPA3,0.0
1305,ENSG00000234176,HSPA8P1,0.0
1306,ENSG00000225398,PGM5P4,0.0
1307,ENSG00000279108,,0.0
1308,ENSG00000280339,,0.0
1309,ENSG00000163815,CLEC3B,0.0
1310,ENSG00000128262,POM121L9P,0.0
1311,ENSG00000185485,SDHAP1,0.0
1312,ENSG00000159433,STARD9,0.0
1313,ENSG00000270392,PFN1P2,0.0
1314,ENSG00000230734,RPL10P3,0.0
1315,ENSG00000263033,,0.0
1316,ENSG00000206127,GOLGA8O,0.0
1317,ENSG00000237649,KIFC1,0.0
1318,ENSG00000242686,PDE6B-AS1,0.0
1319,ENSG00000253476,,0.0
1320,ENSG00000165480,SKA3,0.0
1321,ENSG00000236754,,0.0
1322,ENSG00000108797,CNTNAP1,0.0
1323,ENSG00000185839,,0.0
1324,ENSG00000174173,TRMT10C,0.0
1325,ENSG00000236333,TRHDE-AS1,0.0
1326,ENSG00000113387,SUB1,0.0
1327,ENSG00000143228,NUF2,0.0
1328,ENSG00000164129,NPY5R,0.0
1329,ENSG00000171155,C1GALT1C1,0.0
1330,ENSG00000026036,RTEL1-TNFRSF6B,0.0
1331,ENSG00000133800,LYVE1,0.0
1332,ENSG00000273449,,0.0
1333,ENSG00000132840,BHMT2,0.0
1334,ENSG00000253755,IGHGP,0.0
1335,ENSG00000138182,KIF20B,0.0
1336,ENSG00000164849,GPR146,0.0
1337,ENSG00000279744,,0.0
1338,ENSG00000271576,PRKACB-DT,0.0
1339,ENSG00000138180,CEP55,0.0
1340,ENSG00000273041,ATF4P2,0.0
1341,ENSG00000127511,SIN3B,0.0
1342,ENSG00000273055,,0.0
1343,ENSG00000188385,JAKMIP3,0.0
1344,ENSG00000143196,DPT,0.0
1345,ENSG00000197299,BLM,0.0
1346,ENSG00000281183,NPTN-IT1,0.0
1347,ENSG00000164924,YWHAZ,0.0
1348,ENSG00000144959,NCEH1,0.0
1349,ENSG00000262410,,0.0
1350,ENSG00000221932,HEPN1,0.0
1351,ENSG00000176533,GNG7,0.0
1352,ENSG00000276141,WHAMMP3,0.0
1353,ENSG00000257524,,0.0
1354,ENSG00000262406,MMP12,0.0
1355,ENSG00000277687,,0.0
1356,ENSG00000243538,RPS26P28,0.0
1357,ENSG00000272040,,0.0
1358,ENSG00000175646,PRM1,0.0
1359,ENSG00000197893,NRAP,0.0
1360,ENSG00000165269,AQP7,0.0
1361,ENSG00000169679,BUB1,0.0
1362,ENSG00000169245,CXCL10,0.0
1363,ENSG00000185090,MANEAL,0.0
1364,ENSG00000119138,KLF9,0.0
1365,ENSG00000229598,PRDX3P1,0.0
1366,ENSG00000180329,CCDC43,0.0
1367,ENSG00000270015,,0.0
1368,ENSG00000188206,,0.0
1369,ENSG00000197291,RAMP2-AS1,0.0
1370,ENSG00000185823,NPAP1,0.0
1371,ENSG00000077152,UBE2T,0.0
1372,ENSG00000258498,DIO3OS,0.0
1373,ENSG00000175643,RMI2,0.0
1374,ENSG00000228053,RPL21P87,0.0
1375,ENSG00000272037,,0.0
1376,ENSG00000115602,IL1RL1,0.0
1377,ENSG00000231731,,0.0
1378,ENSG00000260808,,0.0
1379,ENSG00000189136,UBE2Q2P1,0.0
1380,ENSG00000127366,TAS2R5,0.0
1381,ENSG00000152253,SPC25,0.0
1382,ENSG00000140488,CELF6,0.0
1383,ENSG00000063127,SLC6A16,0.0
1384,ENSG00000213371,NAP1L1P3,0.0
1385,ENSG00000006625,GGCT,0.0
1386,ENSG00000164087,POC1A,0.0
1387,ENSG00000227487,NCAM1-AS1,0.0
1388,ENSG00000102384,CENPI,0.0
1389,ENSG00000229133,RPS7P4,0.0
1390,ENSG00000253616,CHILL1,0.0
1391,ENSG00000279254,,0.0
1392,ENSG00000180376,CCDC66,0.0
1393,ENSG00000162687,KCNT2,0.0
1394,ENSG00000256433,,0.0
1395,ENSG00000059573,ALDH18A1,0.0
1396,ENSG00000165124,SVEP1,0.0
1397,ENSG00000255389,,0.0
1398,ENSG00000251143,NUMA1-AS1,0.0
1399,ENSG00000237949,LINC00844,0.0
1400,ENSG00000106460,TMEM106B,0.0
1401,ENSG00000152527,PLEKHH2,0.0
1402,ENSG00000213100,KRT18P68,0.0
1403,ENSG00000214765,SEPTIN7P2,0.0
1404,ENSG00000204681,GABBR1,0.0
1405,ENSG00000225558,UBE2D3P2,0.0
1406,ENSG00000267244,,0.0
1407,ENSG00000214548,MEG3,0.0
1408,ENSG00000230865,TSEN15P1,0.0
1409,ENSG00000165197,VEGFD,0.0
1410,ENSG00000163945,UVSSA,0.0
1411,ENSG00000169895,SYAP1,0.0
1412,ENSG00000226937,CEP164P1,0.0
1413,ENSG00000244480,,0.0
1414,ENSG00000137563,GGH,0.0
1415,ENSG00000275371,,0.0
1416,ENSG00000112984,KIF20A,0.0
1417,ENSG00000018189,RUFY3,0.0
1418,ENSG00000280334,,0.0
1419,ENSG00000173209,AHSA2P,0.0
1420,ENSG00000132603,NIP7,0.0
1421,ENSG00000224934,GOT1-DT,0.0
1422,ENSG00000155970,MICU3,0.0
1423,ENSG00000137802,MAPKBP1,0.0
1424,ENSG00000161010,MRNIP,0.0
1425,ENSG00000261468,,0.0
1426,ENSG00000232653,GOLGA8N,0.0
1427,ENSG00000228797,FAM207BP,0.0
1428,ENSG00000236304,LRRC32-AS1,0.0
1429,ENSG00000260219,CD2BP2-DT,0.0
1430,ENSG00000213599,SLX1A-SULT1A3,0.0
1431,ENSG00000108823,SGCA,0.0
1432,ENSG00000204677,FAM153CP,0.0
1433,ENSG00000270184,,0.0
1434,ENSG00000270972,,0.0
1435,ENSG00000065328,MCM10,0.0
1436,ENSG00000126790,L3HYPDH,0.0
1437,ENSG00000278864,,0.0
1438,ENSG00000110237,ARHGEF17,0.0
1439,ENSG00000279689,,0.0
1440,ENSG00000141934,PLPP2,0.0
1441,ENSG00000121716,PILRB,0.0
1442,ENSG00000273018,FAM106A,0.0
1443,ENSG00000259295,CSPG4P12,0.0
1444,ENSG00000269124,,0.0
1445,ENSG00000258311,,0.0
1446,ENSG00000179751,SYCN,0.0
1447,ENSG00000175518,UBQLNL,0.0
1448,ENSG00000243431,RPL5P30,0.0
1449,ENSG00000157343,ARMC12,0.0
1450,ENSG00000132424,PNISR,0.0
1451,ENSG00000272681,FAM223B,0.0
1452,ENSG00000213588,ZBTB9,0.0
1453,ENSG00000238003,RPL10P4,0.0
1454,ENSG00000269968,GAPDH-AS1,0.0
1455,ENSG00000267281,ATF7-NPFF,0.0
1456,ENSG00000267147,LINC01842,0.0
1457,ENSG00000206077,ZDHHC11B,0.0
1458,ENSG00000235194,PPP1R3E,0.0
1459,ENSG00000100196,KDELR3,0.0
1460,ENSG00000198064,NPIPB13,0.0
1461,ENSG00000233122,CTAGE7P,0.0
1462,ENSG00000182379,NXPH4,0.0
1463,ENSG00000226450,CYP2D8P,0.0
1464,ENSG00000267707,,0.0
1465,ENSG00000139631,CSAD,0.0
1466,ENSG00000012822,CALCOCO1,0.0
1467,ENSG00000123500,COL10A1,0.0
1468,ENSG00000110171,TRIM3,0.0
1469,ENSG00000267632,,0.0
1470,ENSG00000092529,CAPN3,0.0
1471,ENSG00000253955,LINC02995,0.0
1472,ENSG00000109927,TECTA,0.0
1473,ENSG00000160801,PTH1R,0.0
1474,ENSG00000144891,AGTR1,0.0
1475,ENSG00000134571,MYBPC3,0.0
1476,ENSG00000184601,C14orf180,0.0
1477,ENSG00000154678,PDE1C,0.0
1478,ENSG00000261187,,0.0
1479,ENSG00000233024,NPIPA9,0.0
1480,ENSG00000186301,MST1P2,0.0
1481,ENSG00000146733,PSPH,0.0
1482,ENSG00000230838,LINC01614,0.0
1483,ENSG00000116194,ANGPTL1,0.0
1484,ENSG00000133858,ZFC3H1,0.0
1485,ENSG00000204899,MZT1,0.0
1486,ENSG00000173811,CCDC13-AS1,0.0
1487,ENSG00000071205,ARHGAP10,0.0
1488,ENSG00000174576,NPAS4,0.0
1489,ENSG00000109063,MYH3,0.0
1490,ENSG00000280328,,0.0
1491,ENSG00000186399,GOLGA8R,0.0
1492,ENSG00000166839,ANKDD1A,0.0
1493,ENSG00000258559,,0.0
1494,ENSG00000179979,,0.0
1495,ENSG00000158042,MRPL17,0.0
1496,ENSG00000159055,MIS18A,0.0
1497,ENSG00000278918,,0.0
1498,ENSG00000281490,CICP14,0.0
1499,ENSG00000272574,,0.0
1500,ENSG00000263528,IKBKE,0.0
1501,ENSG00000154485,MMP21,0.0
1502,ENSG00000163535,SGO2,0.0
1503,ENSG00000163884,KLF15,0.0
1504,ENSG00000164045,CDC25A,0.0
1505,ENSG00000254244,PAICSP4,0.0
1506,ENSG00000231160,KLF3-AS1,0.0
1507,ENSG00000184271,POU6F1,0.0
1508,ENSG00000272140,,0.0
1509,ENSG00000272367,,0.0
1510,ENSG00000279066,HEXD-IT1,0.0
1511,ENSG00000188626,GOLGA8M,0.0
1512,ENSG00000272812,,0.0
1513,ENSG00000186185,KIF18B,0.0
1514,ENSG00000181467,RAP2B,0.0
1515,ENSG00000118193,KIF14,0.0
1516,ENSG00000162669,HFM1,0.0
1517,ENSG00000113594,LIFR,0.0
1518,ENSG00000185515,BRCC3,0.0
1519,ENSG00000260337,,0.0
1520,ENSG00000184451,CCR10,0.0
1521,ENSG00000174348,PODN,0.0
1522,ENSG00000223704,,0.0
1523,ENSG00000279203,,0.0
1524,ENSG00000136546,SCN7A,0.0
1525,ENSG00000234456,MAGI2-AS3,0.0
1526,ENSG00000271871,,0.0
1527,ENSG00000008710,PKD1,0.0
1528,ENSG00000113916,BCL6,0.0
1529,ENSG00000089050,RBBP9,0.0
1530,ENSG00000282056,,0.0
1531,ENSG00000055955,ITIH4,0.0
1532,ENSG00000275155,,0.0
1533,ENSG00000262580,,0.0
1534,ENSG00000117616,RSRP1,0.0
1535,ENSG00000068831,RASGRP2,0.0
1536,ENSG00000264112,,0.0
1537,ENSG00000215895,HSPA5P1,0.0
1538,ENSG00000186715,MST1L,0.0
1539,ENSG00000255524,NPIPB8,0.0
1540,ENSG00000123560,PLP1,0.0
1541,ENSG00000225855,RUSC1-AS1,0.0
1542,ENSG00000095002,MSH2,0.0
1543,ENSG00000204706,MAMDC2-AS1,0.0
1544,ENSG00000279861,,0.0
1545,ENSG00000271933,,0.0
1546,ENSG00000129170,CSRP3,0.0
1547,ENSG00000258274,CRADD-AS1,0.0
1548,ENSG00000260645,,0.0
1549,ENSG00000175265,GOLGA8A,0.0
1550,ENSG00000259660,DNM1P47,0.0
1551,ENSG00000159588,CCDC17,0.0
1552,ENSG00000160606,TLCD1,0.0
1553,ENSG00000141258,SGSM2,0.0
1554,ENSG00000258647,LINC00930,0.0
1555,ENSG00000122477,LRRC39,0.0
1556,ENSG00000155438,NIFK,0.0
1557,ENSG00000266236,NARF-IT1,0.0
1558,ENSG00000267199,,0.0
1559,ENSG00000184992,BRI3BP,0.0
1560,ENSG00000225580,PA2G4P5,0.0
1561,ENSG00000187166,H1-7,0.0
1562,ENSG00000154639,CXADR,0.0
1563,ENSG00000225670,CADM3-AS1,0.0
1564,ENSG00000237017,PRPF31-AS1,0.0
1565,ENSG00000221978,CCNL2,0.0
1566,ENSG00000278071,,0.0
1567,ENSG00000220875,H3C9P,0.0
1568,ENSG00000149294,NCAM1,0.0
1569,ENSG00000073111,MCM2,0.0
1570,ENSG00000268297,CLEC4GP1,0.0
1571,ENSG00000074755,ZZEF1,0.0
1572,ENSG00000235351,ING5-AS1,0.0
1573,ENSG00000197561,ELANE,0.0
1574,ENSG00000136943,CTSV,0.0
1575,ENSG00000121621,KIF18A,0.0
1576,ENSG00000276523,,0.0
1577,ENSG00000146070,PLA2G7,0.0
1578,ENSG00000198937,CCDC167,0.0
1579,ENSG00000244151,,0.0
1580,ENSG00000227232,WASH7P,0.0
1581,ENSG00000227782,,0.0
1582,ENSG00000100288,CHKB,0.0
1583,ENSG00000093100,,0.0
1584,ENSG00000049541,RFC2,0.0
1585,ENSG00000102904,TSNAXIP1,0.0
1586,ENSG00000255176,,0.0
1587,ENSG00000234042,,0.0
1588,ENSG00000095637,SORBS1,0.0
1589,ENSG00000160131,VMA21,0.0
1590,ENSG00000206561,COLQ,0.0
1591,ENSG00000169231,THBS3,0.0
1592,ENSG00000186354,,0.0
1593,ENSG00000204542,C6orf15,0.0
1594,ENSG00000254676,,0.0
1595,ENSG00000226252,,0.0
1596,ENSG00000003249,DBNDD1,0.0
1597,ENSG00000259614,TUBAP12,0.0
1598,ENSG00000115361,ACADL,0.0
1599,ENSG00000278867,,0.0
1600,ENSG00000093009,CDC45,0.0
1601,ENSG00000272578,GUSBP11,0.0
1602,ENSG00000141431,ASXL3,0.0
1603,ENSG00000154134,ROBO3,0.0
1604,ENSG00000226800,CACTIN-AS1,0.0
1605,ENSG00000271941,,0.0
1606,ENSG00000139625,MAP3K12,0.0
1607,ENSG00000280302,,0.0
1608,ENSG00000261794,GOLGA8H,0.0
1609,ENSG00000242600,MBL1P,0.0
1610,ENSG00000170779,CDCA4,0.0
1611,ENSG00000036530,CYP46A1,0.0
1612,ENSG00000172954,LCLAT1,0.0
1613,ENSG00000262533,,0.0
1614,ENSG00000255445,,0.0
1615,ENSG00000108381,ASPA,0.0
1616,ENSG00000272180,,0.0
1617,ENSG00000198618,PPIAP22,0.0
1618,ENSG00000273521,,0.0
1619,ENSG00000248746,ACTN3,0.0
1620,ENSG00000130653,PNPLA7,0.0
1621,ENSG00000160808,MYL3,0.0
1622,ENSG00000177483,RBM44,0.0
1623,ENSG00000240053,LY6G5B,0.0
1624,ENSG00000272078,CASZ1-AS1,0.0
1625,ENSG00000089685,BIRC5,0.0
1626,ENSG00000229019,,0.0
1627,ENSG00000182628,SKA2,0.0
1628,ENSG00000232186,TERF1P7,0.0
1629,ENSG00000010327,STAB1,0.0
1630,ENSG00000050344,NFE2L3,0.0
1631,ENSG00000197776,KLHDC1,0.0
1632,ENSG00000121211,MND1,0.0
1633,ENSG00000272240,,0.0
1634,ENSG00000280200,,0.0
1635,ENSG00000160446,ZDHHC12,0.0
1636,ENSG00000167004,PDIA3,0.0
1637,ENSG00000146122,DAAM2,0.0
1638,ENSG00000259158,ADAM20P1,0.0
1639,ENSG00000128534,LSM8,0.0
1640,ENSG00000227078,LINC02094,0.0
1641,ENSG00000136522,MRPL47,0.0
1642,ENSG00000267395,DM1-AS,0.0
1643,ENSG00000248569,,0.0
1644,ENSG00000029993,HMGB3,0.0
1645,ENSG00000104147,OIP5,0.0
1646,ENSG00000256663,,0.0
1647,ENSG00000248677,LINC02102,0.0
1648,ENSG00000101888,NXT2,0.0
1649,ENSG00000218502,H2AZP3,0.0
1650,ENSG00000091651,ORC6,0.0
1651,ENSG00000272541,,0.0
1652,ENSG00000271730,,0.0
1653,ENSG00000157150,TIMP4,0.0
1654,ENSG00000255351,,0.0
1655,ENSG00000169885,CALML6,0.0
1656,ENSG00000147059,SPIN2A,0.0
1657,ENSG00000117877,POLR1G,0.0
1658,ENSG00000266341,,0.0
1659,ENSG00000071991,CDH19,0.0
1660,ENSG00000274292,,0.0
1661,ENSG00000241170,RPL31P46,0.0
1662,ENSG00000163728,TTC14,0.0
1663,ENSG00000196440,ARMCX4,0.0
1664,ENSG00000183814,LIN9,0.0
1665,ENSG00000253200,,0.0
1666,ENSG00000250221,KRT8P32,0.0
1667,ENSG00000237781,ADAMTSL4-AS2,0.0
1668,ENSG00000232187,FTH1P7,0.0
1669,ENSG00000261126,RBFADN,0.0
1670,ENSG00000271533,,0.0
1671,ENSG00000186642,PDE2A,0.0
1672,ENSG00000229503,RPL21P37,0.0
1673,ENSG00000114857,NKTR,0.0
1674,ENSG00000272807,,0.0
1675,ENSG00000232909,,0.0
1676,ENSG00000100162,CENPM,0.0
1677,ENSG00000155749,FLACC1,0.0
1678,ENSG00000204172,AGAP9,0.0
1679,ENSG00000232224,,0.0
1680,ENSG00000254726,MEX3A,0.0
1681,ENSG00000204311,PJVK,0.0
1682,ENSG00000233452,STXBP5-AS1,0.0
1683,ENSG00000186871,ERCC6L,0.0
1684,ENSG00000279434,,0.0
1685,ENSG00000145293,ENOPH1,0.0
1686,ENSG00000184313,MROH7,0.0
1687,ENSG00000275888,,0.0
1688,ENSG00000255139,,0.0
1689,ENSG00000183287,CCBE1,0.0
1690,ENSG00000239884,RN7SL608P,0.0
1691,ENSG00000229859,PGA3,0.0
1692,ENSG00000230204,FTH1P5,0.0
1693,ENSG00000187801,ZFP69B,0.0
1694,ENSG00000242100,RPL9P32,0.0
1695,ENSG00000147536,GINS4,0.0
1696,ENSG00000231861,OR5K2,0.0
1697,ENSG00000179934,CCR8,0.0
1698,ENSG00000143106,PSMA5,0.0
1699,ENSG00000272501,,0.0
1700,ENSG00000270012,,0.0
1701,ENSG00000196747,H2AC13,0.0
1702,ENSG00000169246,NPIPB3,0.0
1703,ENSG00000165792,METTL17,0.0
1704,ENSG00000280057,,0.0
1705,ENSG00000280119,,0.0
1706,ENSG00000179750,APOBEC3B,0.0
1707,ENSG00000101955,SRPX,0.0
1708,ENSG00000243746,EEF1A1P10,0.0
1709,ENSG00000104738,MCM4,0.0
1710,ENSG00000146143,PRIM2,0.0
1711,ENSG00000242349,,0.0
1712,ENSG00000274184,,0.0
1713,ENSG00000186466,AQP7P1,0.0
1714,ENSG00000230928,,0.0
1715,ENSG00000163808,KIF15,0.0
1716,ENSG00000272589,ZSWIM8-AS1,0.0
1717,ENSG00000070193,FGF10,0.0
1718,ENSG00000219507,FTH1P8,0.0
1719,ENSG00000270020,,0.0
1720,ENSG00000259321,,0.0
1721,ENSG00000130021,PUDP,0.0
1722,ENSG00000267169,ADGRL1-AS1,0.0
1723,ENSG00000167371,PRRT2,0.0
1724,ENSG00000226806,LCT-AS1,0.0
1725,ENSG00000267769,,0.0
1726,ENSG00000214402,LCNL1,0.0
1727,ENSG00000228925,MCFD2-AS1,0.0
1728,ENSG00000278677,H2AC17,0.0
1729,ENSG00000137392,CLPS,0.0
1730,ENSG00000267573,KRT8P5,0.0
1731,ENSG00000135473,PAN2,0.0
1732,ENSG00000264772,,0.0
1733,ENSG00000046604,DSG2,0.0
1734,ENSG00000233532,LINC00460,0.0
1735,ENSG00000118705,RPN2,0.0
1736,ENSG00000223756,TSSC2,0.0
1737,ENSG00000137309,HMGA1,0.0
1738,ENSG00000147889,CDKN2A,0.0
1739,ENSG00000157927,RADIL,0.0
1740,ENSG00000161980,POLR3K,0.0
1741,ENSG00000153823,PID1,0.0
1742,ENSG00000101441,CST4,0.0
1743,ENSG00000176532,PRR15,0.0
1744,ENSG00000184465,WDR27,0.0
1745,ENSG00000281005,LINC00921,0.0
1746,ENSG00000129810,SGO1,0.0
1747,ENSG00000218586,,0.0
1748,ENSG00000163126,ANKRD23,0.0
1749,ENSG00000260121,,0.0
1750,ENSG00000258819,LINC02289,0.0
1751,ENSG00000227954,TARID,0.0
1752,ENSG00000212694,LINC01089,0.0
1753,ENSG00000188779,SKOR1,0.0
1754,ENSG00000172748,ZNF596,0.0
1755,ENSG00000255986,MT1JP,0.0
1756,ENSG00000185864,NPIPB4,0.0
1757,ENSG00000248445,SEMA6A-AS1,0.0
1758,ENSG00000280378,,0.0
1759,ENSG00000079308,TNS1,0.0
1760,ENSG00000255036,SUGT1P4-STRA6LP-CCDC180,0.0
1761,ENSG00000234742,RPL17P18,0.0
1762,ENSG00000007392,LUC7L,0.0
1763,ENSG00000074696,HACD3,0.0
1764,ENSG00000126952,NXF5,0.0
1765,ENSG00000182873,PRKCZ-AS1,0.0
1766,ENSG00000274267,,0.0
1767,ENSG00000228804,,0.0
1768,ENSG00000198711,SSBP3-AS1,0.0
1769,ENSG00000279605,,0.0
1770,ENSG00000142615,CELA2A,0.0
1771,ENSG00000205085,GARIN1A,0.0
1772,ENSG00000273599,,0.0
1773,ENSG00000245148,ARAP1-AS2,0.0
1774,ENSG00000272631,,0.0
1775,ENSG00000259905,PWRN1,0.0
1776,ENSG00000161912,ADCY10P1,0.0
1777,ENSG00000282458,WASH5P,0.0
1778,ENSG00000166762,CATSPER2,0.0
1779,ENSG00000185946,RNPC3,0.0
1780,ENSG00000124562,SNRPC,0.0
1781,ENSG00000181234,TMEM132C,0.0
1782,ENSG00000203867,RBM20,0.0
1783,ENSG00000246339,EXTL3-AS1,0.0
1784,ENSG00000135164,DMTF1,0.0
1785,ENSG00000182310,SPACA6,0.0
1786,ENSG00000213373,LINC00671,0.0
1787,ENSG00000235245,,0.0
1788,ENSG00000168505,GBX2,0.0
1789,ENSG00000272321,,0.0
1790,ENSG00000269737,,0.0
1791,ENSG00000101605,MYOM1,0.0
1792,ENSG00000259488,DUT-AS1,0.0
1793,ENSG00000269514,,0.0
1794,ENSG00000244513,EOGT-DT,0.0
1795,ENSG00000254855,KLC2-AS1,0.0
1796,ENSG00000229776,C4B-AS1,0.0
1797,ENSG00000178966,RMI1,0.0
1798,ENSG00000111452,ADGRD1,0.0
1799,ENSG00000196547,MAN2A2,0.0
1800,ENSG00000243364,EFNA4,0.0
1801,ENSG00000167766,ZNF83,0.0
1802,ENSG00000243970,PPIEL,0.0
1803,ENSG00000182836,PLCXD3,0.0
1804,ENSG00000177350,RPL13AP3,0.0
1805,ENSG00000008128,CDK11A,0.0
1806,ENSG00000238018,SPTBN1-AS2,0.0
1807,ENSG00000238105,GOLGA2P5,0.0
1808,ENSG00000143382,ADAMTSL4,0.0
1809,ENSG00000168477,TNXB,0.0
1810,ENSG00000235688,SNTG2-AS1,0.0
1811,ENSG00000271723,MROH7-TTC4,0.0
1812,ENSG00000279330,,0.0
1813,ENSG00000127578,WFIKKN1,0.0
1814,ENSG00000265489,ARHGAP44-AS1,0.0
1815,ENSG00000186193,SAPCD2,0.0
1816,ENSG00000238249,HMGN2P17,0.0
1817,ENSG00000188388,GOLGA6L3P,0.0
1818,ENSG00000184497,TMEM255B,0.0
1819,ENSG00000101464,PIGU,0.0
1820,ENSG00000160285,LSS,0.0
1821,ENSG00000241769,EOLA1-DT,0.0
1822,ENSG00000104936,DMPK,0.0
1823,ENSG00000100297,MCM5,0.0
1824,ENSG00000099957,P2RX6,0.0
1825,ENSG00000143549,TPM3,0.0
1826,ENSG00000213539,YBX1P6,0.0
1827,ENSG00000177133,PRDM16-DT,0.0
1828,ENSG00000085840,ORC1,0.0
1829,ENSG00000235043,TECRP1,0.0
1830,ENSG00000131018,SYNE1,0.0
1831,ENSG00000112619,PRPH2,0.0
1832,ENSG00000260367,,0.0
1833,ENSG00000160877,NACC1,0.0
1834,ENSG00000087586,AURKA,0.0
1835,ENSG00000234719,NPIPB2,0.0
1836,ENSG00000240038,AMY2B,0.0
1837,ENSG00000111404,RERGL,0.0
1838,ENSG00000265413,,0.0
1839,ENSG00000108106,UBE2S,0.0
1840,ENSG00000214182,PTMAP5,0.0
1841,ENSG00000169203,NPIPB12,0.0
1842,ENSG00000246451,KLC1-AS1,0.0
1843,ENSG00000273821,,0.0
1844,ENSG00000183423,LRIT3,0.0
1845,ENSG00000197815,TOM1L2-AS1,0.0
1846,ENSG00000280332,,0.0
1847,ENSG00000238172,RPS2P35,0.0
1848,ENSG00000163468,CCT3,0.0
1849,ENSG00000126267,COX6B1,0.0
1850,ENSG00000262877,,0.0
1851,ENSG00000243696,,0.0
1852,ENSG00000156885,COX6A2,0.0
1853,ENSG00000101412,E2F1,0.0
1854,ENSG00000135747,ZNF670-ZNF695,0.0
1855,ENSG00000142789,CELA3A,0.0
1856,ENSG00000270871,,0.0
1857,ENSG00000278989,,0.0
1858,ENSG00000128159,TUBGCP6,0.0
1859,ENSG00000236439,RPS27P8,0.0
1860,ENSG00000086598,TMED2,0.0
1861,ENSG00000197976,AKAP17A,0.0
1862,ENSG00000255182,,0.0
1863,ENSG00000273007,,0.0
1864,ENSG00000166856,ACKR5,0.0
1865,ENSG00000272195,EFCAB2-AS1,0.0
1866,ENSG00000204429,,0.0
1867,ENSG00000272871,,0.0
1868,ENSG00000250982,GAPDHP35,0.0
1869,ENSG00000174429,ABRA,0.0
1870,ENSG00000136011,STAB2,0.0
1871,ENSG00000185985,SLITRK2,0.0
1872,ENSG00000144410,CPO,0.0
1873,ENSG00000268030,,0.0
1874,ENSG00000228486,C2orf92,0.0
1875,ENSG00000261740,BOLA2-SMG1P6,0.0
1876,ENSG00000080947,CROCCP3,0.0
1877,ENSG00000198535,C2CD4A,0.0
1878,ENSG00000232295,,0.0
1879,ENSG00000279311,,0.0
1880,ENSG00000206149,HERC2P9,0.0
1881,ENSG00000272145,NFYC-AS1,0.0
1882,ENSG00000118495,PLAGL1,0.0
1883,ENSG00000258515,,0.0
1884,ENSG00000157306,ZFHX2-AS1,0.0
1885,ENSG00000219073,CELA3B,0.0
1886,ENSG00000117834,SLC5A9,0.0
1887,ENSG00000203786,KPRP,0.0
1888,ENSG00000172901,LVRN,0.0
1889,ENSG00000156194,PPEF2,0.0
1890,ENSG00000228168,HNRNPA1P21,0.0
1891,ENSG00000272732,,0.0
1892,ENSG00000228314,CYP4F29P,0.0
1893,ENSG00000076554,TPD52,0.0
1894,ENSG00000211706,TRBV6-1,0.0
1895,ENSG00000280195,,0.0
1896,ENSG00000178999,AURKB,0.0
1897,ENSG00000196557,CACNA1H,0.0
1898,ENSG00000100985,MMP9,0.0
1899,ENSG00000118242,MREG,0.0
1900,ENSG00000169258,GPRIN1,0.0
1901,ENSG00000130656,HBZ,0.0
1902,ENSG00000095464,PDE6C,0.0
1903,ENSG00000171241,SHCBP1,0.0
1904,ENSG00000185480,PARPBP,0.0
1905,ENSG00000162062,TEDC2,0.0
1906,ENSG00000203724,C1orf53,0.0
1907,ENSG00000198554,WDHD1,0.0
1908,ENSG00000266714,MYO15B,0.0
1909,ENSG00000140538,NTRK3,0.0
1910,ENSG00000272669,,0.0
1911,ENSG00000211445,GPX3,0.0
1912,ENSG00000113460,BRIX1,0.0
1913,ENSG00000166292,TMEM100,0.0
1914,ENSG00000196611,MMP1,0.0
1915,ENSG00000174938,SEZ6L2,0.0
1916,ENSG00000258388,PPT2-EGFL8,0.0
1917,ENSG00000260578,,0.0
1918,ENSG00000138071,ACTR2,0.0
1919,ENSG00000216490,IFI30,0.0
1920,ENSG00000248124,RRN3P1,0.0
1921,ENSG00000148357,HMCN2,0.0
1922,ENSG00000102962,CCL22,0.0
1923,ENSG00000173207,CKS1B,0.0
1924,ENSG00000232926,RPL8P5,0.0
1925,ENSG00000160124,MIX23,0.0
1926,ENSG00000263020,,0.0
1927,ENSG00000246477,MTMR9-AS1,0.0
1928,ENSG00000037042,TUBG2,0.0
1929,ENSG00000175581,MRPL48,0.0
1930,ENSG00000214655,ZSWIM8,0.0
1931,ENSG00000138778,CENPE,0.0
1932,ENSG00000211793,TRAV9-2,0.0
1933,ENSG00000172554,SNTG2,0.0
1934,ENSG00000271086,NAMA,0.0
1935,ENSG00000179978,NAIPP2,0.0
1936,ENSG00000266733,TBC1D29P,0.0
1937,ENSG00000112077,RHAG,0.0
1938,ENSG00000170439,TMT1B,0.0
1939,ENSG00000237399,PITRM1-AS1,0.0
1940,ENSG00000280304,,0.0
1941,ENSG00000130595,TNNT3,0.0
1942,ENSG00000162367,TAL1,0.0
1943,ENSG00000271870,,0.0
1944,ENSG00000260668,,0.0
1945,ENSG00000170348,TMED10,0.0
1946,ENSG00000198838,RYR3,0.0
1947,ENSG00000075188,NUP37,0.0
1948,ENSG00000238085,,0.0
1949,ENSG00000251495,PPIAP11,0.0
1950,ENSG00000099326,MZF1,0.0
1951,ENSG00000280237,,0.0
1952,ENSG00000279989,,0.0
1953,ENSG00000184381,PLA2G6,0.0
1954,ENSG00000183833,CFAP91,0.0
1955,ENSG00000186940,CHCHD2P9,0.0
1956,ENSG00000010322,NISCH,0.0
1957,ENSG00000245869,,0.0
1958,ENSG00000142046,TMEM91,0.0
1959,ENSG00000156970,BUB1B,0.0
1960,ENSG00000163431,LMOD1,0.0
1961,ENSG00000269936,,0.0
1962,ENSG00000259881,,0.0
1963,ENSG00000279026,,0.0
1964,ENSG00000237641,RPL28P2,0.0
1965,ENSG00000167524,RSKR,0.0
1966,ENSG00000123213,NLN,0.0
1967,ENSG00000275413,,0.0
1968,ENSG00000115415,STAT1,0.0
1969,ENSG00000094963,FMO2,0.0
1970,ENSG00000137868,STRA6,0.0
1971,ENSG00000280038,DNM1P41,0.0
1972,ENSG00000269148,SYMPK-AS1,0.0
1973,ENSG00000227896,WAPL-DT,0.0
1974,ENSG00000241684,ADAMTS9-AS2,0.0
1975,ENSG00000117650,NEK2,0.0
1976,ENSG00000280159,,0.0
1977,ENSG00000218358,RAET1K,0.0
1978,ENSG00000164932,CTHRC1,0.0
1979,ENSG00000113971,NPHP3,0.0
1980,ENSG00000240809,CAP1P1,0.0
1981,ENSG00000279700,,0.0
1982,ENSG00000127564,PKMYT1,0.0
1983,ENSG00000228643,,0.0
1984,ENSG00000279115,,0.0
1985,ENSG00000010295,IFFO1,0.0
1986,ENSG00000128482,RNF112,0.0
1987,ENSG00000147174,GCNA,0.0
1988,ENSG00000123473,STIL,0.0
1989,ENSG00000215908,CROCCP2,0.0
1990,ENSG00000103472,RRN3P2,0.0
1991,ENSG00000271344,,0.0
1992,ENSG00000263126,,0.0
1993,ENSG00000065325,GLP2R,0.0
1994,ENSG00000230630,DNM3OS,0.0
1995,ENSG00000235298,HNRNPK-AS1,0.0
1996,ENSG00000109920,FNBP4,0.0
1997,ENSG00000254170,,0.0
1998,ENSG00000183010,PYCR1,0.0
1999,ENSG00000166436,TRIM66,0.0
2000,ENSG00000146410,MTFR2,0.0
